کد بانک,نام بانک,کد شعبه افتتاح کننده,شماره شبای حساب,کد نوع حساب,نوع حساب,کد ارز,نوع ارز,تاریخ افتتاح حساب,کد وضعیت حساب,وضعیت حساب,وضعیت اتصال به پایانه یا درگاه پرداخت,گردش حساب از تاریخ,گردش حساب تا تاریخ,تاریخ اخذ گزارش,ساعت اخذ گزارش,کد نوع مشتری,نوع مشتری,نام,نام خانوادگی,شماره ملی,شناسه ملی,شناسه اختصاصی اتباع خارجی,شناسه شهاب,حق برداشت,قدرالسهم,کد نوع ارتباط با حساب,نوع ارتباط با حساب,تاریخ شروع رابطه,تاریخ پایان رابطه
019,بانک سینا,4444444,IR340197121003236519941013,3,حساب سرمایه گذاري كوتاه مدت,IRR,Iranian Rial,13900604,1,باز,ندارد,13900604,14031124,14031124,082903,1,حقيقي ايراني,سهیل,کریمی‌پور,0399588388,شماره ملی,,86Y5R215DEW1ZCYQ,دارد,100,1,صاحب حساب,13900604,
052,بانک شهر,1234570,IR740526625324472099934768,3,حساب سرمایه گذاري كوتاه مدت,IRR,Iranian Rial,13930705,1,باز,ندارد,13930705,14031124,14031124,141241,1,حقيقي ايراني,مریم,یزدی‌پور,0314291105,شماره ملی,,RLH9DL65O6MMG2TY,دارد,50,1,صاحب حساب,13930705,
052,بانک شهر,1234570,IR740526625324472099934768,3,حساب سرمایه گذاري كوتاه مدت,IRR,Iranian Rial,13930705,1,باز,ندارد,13930705,14031124,14031124,141241,1,حقيقي ايراني,زهرا,کاظمی,0493497226,شماره ملی,,NC42EI5E6OHTNANM,ندارد,50,3,شریک,13930705,
019,بانک سینا,5692412,IR880198759856420593040785,5,حساب سرمایه گذاري بلند مدت,IRR,Iranian Rial,13910208,3,مسدود,ندارد,13910208,14031124,14031124,181517,1,حقيقي ايراني,سپهر,کریمی,0917561791,شماره ملی,,AYFATOHZEK3E2KPH,دارد,100,1,صاحب حساب,13910208,
056,بانک سامان,5555555,IR170565223955905992937842,3,حساب سرمایه گذاري كوتاه مدت,IRR,Iranian Rial,13890420,1,باز,ندارد,13890420,14031124,14031124,110133,1,حقيقي ايراني,هستی,هدایت,0770056857,شماره ملی,,PT9G8FZYGRPNE8WV,دارد,100,1,صاحب حساب,13890420,
020,بانک سپه,9876547,IR720202500292185156915452,1,حساب هاي جاري بدون دسته چک,IRR,Iranian Rial,13951116,1,باز,ندارد,13951116,14031124,14031124,182011,1,حقيقي ايراني,حسین,احمدی,0942143825,شماره ملی,,AR4OOTXGZ07YHL7I,دارد,100,1,صاحب حساب,13951116,
019,بانک سینا,3333333,IR170199264422096902959391,3,حساب سرمایه گذاري كوتاه مدت,IRR,Iranian Rial,14000208,1,باز,ندارد,14000208,14031124,14031124,132010,1,حقيقي ايراني,مریم,یزدی,0453514790,شماره ملی,,WBW6JWC9NAYX0KV1,دارد,100,1,صاحب حساب,14000208,
058,بانک ملت,3333333,IR890584331541006762676586,4,حساب هاي جاري با دسته چک,IRR,Iranian Rial,14011021,1,باز,ندارد,14011021,14031124,14031124,204314,1,حقيقي ايراني,سمیرا,کریمی‌پور,0177745843,شماره ملی,,F55V4Y88UZAGXRDY,دارد,100,1,صاحب حساب,14011021,
058,بانک ملت,5692413,IR500584115262181599706296,1,حساب هاي جاري بدون دسته چک,IRR,Iranian Rial,13940407,1,باز,ندارد,13940407,14031124,14031124,144435,2,حقيقي اتباع خارجي,Peter,Weber,,,FID578713315,1ZEE043E42L4WFHV,دارد,100,1,صاحب حساب,13940407,
019,بانک سینا,5692431,IR050191069872050614973103,1,حساب هاي جاري بدون دسته چک,IRR,Iranian Rial,13900828,1,باز,ندارد,13900828,14031124,14031124,091950,1,حقيقي ايراني,عرفان,فراهانی,0734408315,شماره ملی,,FUQC66RMRQT363PL,دارد,100,1,صاحب حساب,13900828,
015,بانک کشاورزی,2222222,IR460156256527047743490211,2,حساب پس انداز,IRR,Iranian Rial,13951008,1,باز,ندارد,13951008,14031124,14031124,160353,3,حقوقي,,شرکت حسین‌پور توسعه,0355294079,شناسه ملی,,YS8RBHTF4SZ63Y05,دارد,100,1,صاحب حساب,13951008,
019,بانک سینا,1234570,IR760193741608989921722332,4,حساب هاي جاري با دسته چک,IRR,Iranian Rial,13990707,1,باز,ندارد,13990707,14031124,14031124,180953,3,حقوقي,,گروه صادقی سرمایه‌گذاری,0751816485,شناسه ملی,,UDP3AO0OGTIRZV9C,دارد,100,1,صاحب حساب,13990707,
020,بانک سپه,4444444,IR830208685487099861622999,4,حساب هاي جاري با دسته چک,IRR,Iranian Rial,13980226,2,بسته,ندارد,13980226,14031124,14031124,125534,1,حقيقي ايراني,عرفان,یزدی,0827722087,شماره ملی,,3K33UWXA3W5B44FP,دارد,50,1,صاحب حساب,13980226,
020,بانک سپه,4444444,IR830208685487099861622999,4,حساب هاي جاري با دسته چک,IRR,Iranian Rial,13980226,2,بسته,ندارد,13980226,14031124,14031124,125534,1,حقيقي ايراني,عرفان,بهرامی,0153340355,شماره ملی,,5QXKGDKFGP8JTK40,دارد,0,2,صاحب امضا,13980226,
018,بانک تجارت,1234569,IR690187024629960653074505,2,حساب پس انداز,IRR,Iranian Rial,14020828,1,باز,ندارد,14020828,14031124,14031124,194306,1,حقيقي ايراني,رضا,کاظمی,0386090874,شماره ملی,,WG8M4FNIASYJX0ZJ,دارد,50,1,صاحب حساب,14020828,
051,بانک ملی,5692416,IR190514691373678508214862,5,حساب سرمایه گذاري بلند مدت,IRR,Iranian Rial,13890307,2,بسته,ندارد,13890307,14031124,14031124,115303,3,حقوقي,,شرکت محمدی‌نژاد سرمایه‌گذاری,0254925731,شناسه ملی,,6Z9HIDLDGWVG35RH,دارد,100,1,صاحب حساب,13890307,
015,بانک کشاورزی,5692413,IR420155786103579727985524,4,حساب هاي جاري با دسته چک,IRR,Iranian Rial,13950106,1,باز,ندارد,13950106,14031124,14031124,174913,1,حقيقي ايراني,نگین,هدایت,0451590406,شماره ملی,,ASZRZ0749Y2NZ9R8,دارد,50,1,صاحب حساب,13950106,
015,بانک کشاورزی,5692413,IR420155786103579727985524,4,حساب هاي جاري با دسته چک,IRR,Iranian Rial,13950106,1,باز,ندارد,13950106,14031124,14031124,174913,1,حقيقي ايراني,فاطمه,قاسمی,0381959953,شماره ملی,,F6MZQ9FABQ1BLQFH,ندارد,50,3,شریک,13950106,
051,بانک ملی,5692431,IR350510722903494466574374,5,حساب سرمایه گذاري بلند مدت,IRR,Iranian Rial,13951004,1,باز,ندارد,13951004,14031124,14031124,083242,1,حقيقي ايراني,احسان,رضایی,0731749456,شماره ملی,,ECTMJEE1CPLH4HMW,دارد,50,1,صاحب حساب,13951004,
051,بانک ملی,5692431,IR350510722903494466574374,5,حساب سرمایه گذاري بلند مدت,IRR,Iranian Rial,13951004,1,باز,ندارد,13951004,14031124,14031124,083242,1,حقيقي ايراني,مریم,حسینی,0450597105,شماره ملی,,BG26RMKRW7OCG2R0,دارد,0,2,صاحب امضا,13951004,
019,بانک سینا,1111111,IR680194171545444328309652,4,حساب هاي جاري با دسته چک,IRR,Iranian Rial,13930514,1,باز,ندارد,13930514,14031124,14031124,142447,1,حقيقي ايراني,محمد‌رضا,صادقی,0193917254,شماره ملی,,LK7JWJQKPIZ8CQOB,دارد,100,1,صاحب حساب,13930514,
052,بانک شهر,5692422,IR690527584282417248251353,2,حساب پس انداز,IRR,Iranian Rial,13940609,1,باز,ندارد,13940609,14031124,14031124,171829,1,حقيقي ايراني,زینب,کاظمی,0100544843,شماره ملی,,JIDRKTSSDWUA5IWL,دارد,50,1,صاحب حساب,13940609,
052,بانک شهر,5692422,IR690527584282417248251353,2,حساب پس انداز,IRR,Iranian Rial,13940609,1,باز,ندارد,13940609,14031124,14031124,171829,1,حقيقي ايراني,بیژن,جعفری,0401507599,شماره ملی,,C912FU4TQCOVPF90,دارد,0,2,صاحب امضا,13940609,
056,بانک سامان,1111111,IR950561738168460223569725,1,حساب هاي جاري بدون دسته چک,IRR,Iranian Rial,13960621,1,باز,ندارد,13960621,14031124,14031124,102040,3,حقوقي,,شرکت کریمی‌پور صنعتی,0336071108,شناسه ملی,,XT3ZF7T8TXZKSWRZ,دارد,100,1,صاحب حساب,13960621,
015,بانک کشاورزی,5692431,IR740152712966667600835058,1,حساب هاي جاري بدون دسته چک,IRR,Iranian Rial,13891124,1,باز,ندارد,13891124,14031124,14031124,111444,1,حقيقي ايراني,آرین,باقری,0447881000,شماره ملی,,FHXVFHS4IFHLKY58,دارد,50,1,صاحب حساب,13891124,
015,بانک کشاورزی,5692431,IR740152712966667600835058,1,حساب هاي جاري بدون دسته چک,IRR,Iranian Rial,13891124,1,باز,ندارد,13891124,14031124,14031124,111444,1,حقيقي ايراني,نگین,جلالی,0387162690,شماره ملی,,4QQLYTQ3DQO1OU0M,دارد,0,2,صاحب امضا,13891124,
054,بانک پاسارگاد,5692415,IR740544210447898562575326,4,حساب هاي جاري با دسته چک,IRR,Iranian Rial,14000307,1,باز,ندارد,14000307,14031124,14031124,190137,1,حقيقي ايراني,ناژین,کاظمی,0833006371,شماره ملی,,EVEHRV1OLPAT8Y1P,دارد,100,1,صاحب حساب,14000307,
058,بانک ملت,1234568,IR160588909010016761847230,2,حساب پس انداز,IRR,Iranian Rial,13901117,1,باز,ندارد,13901117,14031124,14031124,123938,1,حقيقي ايراني,رضا,هدایت,0675274321,شماره ملی,,8TB3GOKDTKLOHQG5,دارد,100,1,صاحب حساب,13901117,
021,بانک صادرات,5692415,IR090214117393483564208737,2,حساب پس انداز,IRR,Iranian Rial,13891103,1,باز,ندارد,13891103,14031124,14031124,095336,1,حقيقي ايراني,محمد‌رضا,کریمی‌پور,0972608631,شماره ملی,,421FC19F8U7DTGNA,دارد,100,1,صاحب حساب,13891103,
054,بانک پاسارگاد,5692414,IR080544374470120455611002,1,حساب هاي جاري بدون دسته چک,IRR,Iranian Rial,13961009,1,باز,ندارد,13961009,14031124,14031124,190523,1,حقيقي ايراني,امیر,جعفری,0245087680,شماره ملی,,1JOPC4F6J72MYRN4,دارد,100,1,صاحب حساب,13961009,
054,بانک پاسارگاد,5692415,IR600544676212021697972965,5,حساب سرمایه گذاري بلند مدت,IRR,Iranian Rial,13991229,1,باز,ندارد,13991229,14031124,14031124,103058,1,حقيقي ايراني,مریم,صادقی,0757937594,شماره ملی,,6RNT9RBXHYUTRHKF,دارد,100,1,صاحب حساب,13991229,
021,بانک صادرات,1234571,IR690215089935889163756289,4,حساب هاي جاري با دسته چک,IRR,Iranian Rial,13910928,1,باز,ندارد,13910928,14031124,14031124,155431,3,حقوقي,,شرکت باقری مشاوره,0427307961,شناسه ملی,,TOL1VKBVDMGLHHZ0,دارد,50,1,صاحب حساب,13910928,
021,بانک صادرات,1234571,IR690215089935889163756289,4,حساب هاي جاري با دسته چک,IRR,Iranian Rial,13910928,1,باز,ندارد,13910928,14031124,14031124,155431,1,حقيقي ايراني,رضا,کریمی‌پور,0645498599,شماره ملی,,VZFUVS15IEPFJNUZ,ندارد,50,3,شریک,13910928,
015,بانک کشاورزی,1234567,IR980150838663177971775170,4,حساب هاي جاري با دسته چک,IRR,Iranian Rial,13890918,1,باز,ندارد,13890918,14031124,14031124,085205,1,حقيقي ايراني,رویا,نوری,0572192096,شماره ملی,,THJGE7CK7YBCDUHX,دارد,100,1,صاحب حساب,13890918,
052,بانک شهر,1111111,IR270523755037589975711305,2,حساب پس انداز,IRR,Iranian Rial,14010518,1,باز,ندارد,14010518,14031124,14031124,162344,1,حقيقي ايراني,آرش,جعفری,0405322739,شماره ملی,,NBJ0Y8H23ZI8V60I,دارد,100,1,صاحب حساب,14010518,
054,بانک پاسارگاد,9876543,IR760544933163735160917798,1,حساب هاي جاري بدون دسته چک,IRR,Iranian Rial,13890924,3,مسدود,ندارد,13890924,14031124,14031124,083559,1,حقيقي ايراني,نیلوفر,موسوی,0168956667,شماره ملی,,GU74PV4399J5F7ZQ,دارد,100,1,صاحب حساب,13890924,
052,بانک شهر,9876543,IR960522216995866934654722,3,حساب سرمایه گذاري كوتاه مدت,IRR,Iranian Rial,14000910,1,باز,ندارد,14000910,14031124,14031124,193555,1,حقيقي ايراني,نیما,رحمتی,0704670275,شماره ملی,,SJRJ36DDG5AFBZ4A,دارد,100,1,صاحب حساب,14000910,
019,بانک سینا,1111111,IR380199452288515879968460,5,حساب سرمایه گذاري بلند مدت,IRR,Iranian Rial,13950302,1,باز,ندارد,13950302,14031124,14031124,180312,1,حقيقي ايراني,نسیم,شمس,0490921604,شماره ملی,,2EIIT4EGCR7YE9H9,دارد,100,1,صاحب حساب,13950302,
054,بانک پاسارگاد,5692432,IR480544380571983863840666,2,حساب پس انداز,IRR,Iranian Rial,13890124,3,مسدود,ندارد,13890124,14031124,14031124,121239,1,حقيقي ايراني,پویا,بهرامی,0863976761,شماره ملی,,IS7TJPHWYVS52RKG,دارد,50,1,صاحب حساب,13890124,
054,بانک پاسارگاد,5692432,IR480544380571983863840666,2,حساب پس انداز,IRR,Iranian Rial,13890124,3,مسدود,ندارد,13890124,14031124,14031124,121239,1,حقيقي ايراني,بیژن,فراهانی,0888023057,شماره ملی,,1H2BUXSHBRV5UMQL,دارد,0,2,صاحب امضا,13890124,
051,بانک ملی,1111111,IR220519334721228160648422,5,حساب سرمایه گذاري بلند مدت,IRR,Iranian Rial,13890615,1,باز,ندارد,13890615,14031124,14031124,195909,1,حقيقي ايراني,امیر,نوری,0652500684,شماره ملی,,VIPZ2T5KGK7PW0YT,دارد,100,1,صاحب حساب,13890615,
020,بانک سپه,9876547,IR270207985158328182688615,1,حساب هاي جاري بدون دسته چک,IRR,Iranian Rial,13990611,2,بسته,ندارد,13990611,14031124,14031124,131813,1,حقيقي ايراني,نیما,قاسمی,0935685030,شماره ملی,,VS3DHZ8ISV71FAJZ,دارد,50,1,صاحب حساب,13990611,
020,بانک سپه,9876547,IR270207985158328182688615,1,حساب هاي جاري بدون دسته چک,IRR,Iranian Rial,13990611,2,بسته,ندارد,13990611,14031124,14031124,131813,1,حقيقي ايراني,زهرا,کریمی‌پور,0252284933,شماره ملی,,T79VIWHQUUFTZ9OC,دارد,0,2,صاحب امضا,13990611,
019,بانک سینا,5555555,IR590197399305616484085887,3,حساب سرمایه گذاري كوتاه مدت,IRR,Iranian Rial,13990411,1,باز,ندارد,13990411,14031124,14031124,160506,3,حقوقي,,سازمان کریمی سرمایه‌گذاری,0470772980,شناسه ملی,,QLWH0IJV9SYUMLZY,دارد,100,1,صاحب حساب,13990411,
019,بانک سینا,9876545,IR070193613861207501102481,5,حساب سرمایه گذاري بلند مدت,IRR,Iranian Rial,13930713,1,باز,ندارد,13930713,14031124,14031124,154025,1,حقيقي ايراني,هستی,جلالی,0420519378,شماره ملی,,OEQ2KUOO9V28WL6S,دارد,100,1,صاحب حساب,13930713,
056,بانک سامان,1234569,IR210569190158144914766072,5,حساب سرمایه گذاري بلند مدت,IRR,Iranian Rial,14000726,1,باز,ندارد,14000726,14031124,14031124,205434,1,حقيقي ايراني,مریم,یزدی,0293482128,شماره ملی,,Q94UGLP5LYOKVY24,دارد,100,1,صاحب حساب,14000726,
054,بانک پاسارگاد,5692432,IR950548210099688143536822,1,حساب هاي جاري بدون دسته چک,IRR,Iranian Rial,14020507,1,باز,ندارد,14020507,14031124,14031124,091142,1,حقيقي ايراني,لیلا,یزدی,0221305084,شماره ملی,,R66SAJ12K3IMNR9F,دارد,100,1,صاحب حساب,14020507,
056,بانک سامان,5555555,IR710561414139755231491357,3,حساب سرمایه گذاري كوتاه مدت,IRR,Iranian Rial,13990523,1,باز,ندارد,13990523,14031124,14031124,170936,1,حقيقي ايراني,امیر,موسوی,0205989527,شماره ملی,,OFV9ETGTG0TIYA4S,دارد,100,1,صاحب حساب,13990523,
020,بانک سپه,1234570,IR980203364525777547812914,1,حساب هاي جاري بدون دسته چک,IRR,Iranian Rial,13920524,2,بسته,ندارد,13920524,14031124,14031124,180446,3,حقوقي,,سازمان هدایت مشاوره,0669497819,شناسه ملی,,GTJCOU6FOMII1PH0,دارد,100,1,صاحب حساب,13920524,
056,بانک سامان,9876544,IR560566930848872563942788,4,حساب هاي جاري با دسته چک,IRR,Iranian Rial,13970122,1,باز,ندارد,13970122,14031124,14031124,115451,1,حقيقي ايراني,یاسر,یزدی,0766696073,شماره ملی,,IEMECG862JS2N85I,دارد,50,1,صاحب حساب,13970122,
054,بانک پاسارگاد,5555555,IR920542299275037314530385,3,حساب سرمایه گذاري كوتاه مدت,IRR,Iranian Rial,13960102,1,باز,ندارد,13960102,14031124,14031124,182006,1,حقيقي ايراني,مهرانه,حسین‌پور,0277381878,شماره ملی,,YNXWHAGUIL7T49EP,دارد,100,1,صاحب حساب,13960102,
019,بانک سینا,1111111,IR240198926659184638655779,4,حساب هاي جاري با دسته چک,IRR,Iranian Rial,13910806,1,باز,ندارد,13910806,14031124,14031124,110432,3,حقوقي,,سازمان کریمی فنی,0629589011,شناسه ملی,,0GY7TNGON6EU1ZKE,دارد,100,1,صاحب حساب,13910806,
051,بانک ملی,5692416,IR660519136517773926030299,1,حساب هاي جاري بدون دسته چک,IRR,Iranian Rial,13970129,1,باز,ندارد,13970129,14031124,14031124,170903,1,حقيقي ايراني,سمیرا,هدایت,0648005429,شماره ملی,,7822JV76FY8OTNYQ,دارد,100,1,صاحب حساب,13970129,
054,بانک پاسارگاد,9876544,IR440540413797723692929842,2,حساب پس انداز,IRR,Iranian Rial,13981003,2,بسته,ندارد,13981003,14031124,14031124,112424,1,حقيقي ايراني,فرهاد,هدایت,0232904588,شماره ملی,,VQH2NDSSFN6NYM3P,دارد,100,1,صاحب حساب,13981003,
056,بانک سامان,5692422,IR820562912799088117298068,3,حساب سرمایه گذاري كوتاه مدت,IRR,Iranian Rial,13891217,1,باز,ندارد,13891217,14031124,14031124,141451,1,حقيقي ايراني,بهنام,کریمی,0989553140,شماره ملی,,D13LF8D4ZDDEL90H,دارد,100,1,صاحب حساب,13891217,
021,بانک صادرات,1234568,IR970216247314986430098180,3,حساب سرمایه گذاري كوتاه مدت,IRR,Iranian Rial,14000614,1,باز,ندارد,14000614,14031124,14031124,130609,3,حقوقي,,گروه کاظمی سرمایه‌گذاری,0436422360,شناسه ملی,,B7180MFK1BG38QX7,دارد,100,1,صاحب حساب,14000614,
052,بانک شهر,5692431,IR980529594636887258874495,3,حساب سرمایه گذاري كوتاه مدت,IRR,Iranian Rial,14021104,1,باز,ندارد,14021104,14031124,14031124,191428,2,حقيقي اتباع خارجي,Pierre,Dubois,,,FID891783908,JT13UPR6VS45K948,دارد,100,1,صاحب حساب,14021104,
054,بانک پاسارگاد,5692415,IR730545890260127961143519,4,حساب هاي جاري با دسته چک,IRR,Iranian Rial,13951021,1,باز,ندارد,13951021,14031124,14031124,161845,1,حقيقي ايراني,زینب,بهرامی,0812101332,شماره ملی,,ITWR67ZDRSEQLTPQ,دارد,50,1,صاحب حساب,13951021,
054,بانک پاسارگاد,5692415,IR730545890260127961143519,4,حساب هاي جاري با دسته چک,IRR,Iranian Rial,13951021,1,باز,ندارد,13951021,14031124,14031124,161845,2,حقيقي اتباع خارجي,Hans,Dubois,,,FID452711116,6N8Z3ZZL7QMR3IJM,ندارد,50,3,شریک,13951021,
054,بانک پاسارگاد,1111111,IR120543843098839205302146,2,حساب پس انداز,IRR,Iranian Rial,13951007,1,باز,ندارد,13951007,14031124,14031124,160047,1,حقيقي ايراني,مهدی,امانی,0747183651,شماره ملی,,E6MZN7HERZZ1H1BH,دارد,100,1,صاحب حساب,13951007,
058,بانک ملت,9876545,IR330585543937690426818184,2,حساب پس انداز,IRR,Iranian Rial,14010909,2,بسته,ندارد,14010909,14031124,14031124,165250,2,حقيقي اتباع خارجي,Hans,Weber,,,FID022961201,XDOQTLANJK539A35,دارد,100,1,صاحب حساب,14010909,
015,بانک کشاورزی,1234569,IR810155779071416335658804,1,حساب هاي جاري بدون دسته چک,IRR,Iranian Rial,13951124,1,باز,ندارد,13951124,14031124,14031124,130435,1,حقيقي ايراني,سپیده,بهرامی,0693301661,شماره ملی,,QHDW7MR7IVXJ2EP3,دارد,50,1,صاحب حساب,13951124,
015,بانک کشاورزی,1234569,IR810155779071416335658804,1,حساب هاي جاري بدون دسته چک,IRR,Iranian Rial,13951124,1,باز,ندارد,13951124,14031124,14031124,130435,1,حقيقي ايراني,هستی,یزدی‌پور,0284193437,شماره ملی,,GIK70VRB8OYEWZM4,دارد,0,2,صاحب امضا,13951124,
020,بانک سپه,1234568,IR850202373334333395211179,4,حساب هاي جاري با دسته چک,IRR,Iranian Rial,13970128,1,باز,ندارد,13970128,14031124,14031124,152339,1,حقيقي ايراني,فرهاد,محمدی,0717071707,شماره ملی,,4KRPQI7P1KATN5R6,دارد,100,1,صاحب حساب,13970128,
052,بانک شهر,5692431,IR350524639208678085627187,2,حساب پس انداز,IRR,Iranian Rial,13891107,1,باز,ندارد,13891107,14031124,14031124,143706,1,حقيقي ايراني,مینا,کریمی,0631189068,شماره ملی,,JLELA4W7XWCMM9F6,دارد,100,1,صاحب حساب,13891107,
052,بانک شهر,5692431,IR140523479552763655647292,5,حساب سرمایه گذاري بلند مدت,IRR,Iranian Rial,14020224,1,باز,ندارد,14020224,14031124,14031124,125115,1,حقيقي ايراني,امیر,بهرامی,0305178350,شماره ملی,,4BVTSKK9S4USJH3M,دارد,100,1,صاحب حساب,14020224,
021,بانک صادرات,5692422,IR260210267288574489061203,2,حساب پس انداز,IRR,Iranian Rial,13990215,1,باز,ندارد,13990215,14031124,14031124,192116,1,حقيقي ايراني,پریسا,باقری,0150475594,شماره ملی,,3NI45WOTZ2SCKUW9,دارد,100,1,صاحب حساب,13990215,
019,بانک سینا,9876545,IR920196159399824558771694,3,حساب سرمایه گذاري كوتاه مدت,IRR,Iranian Rial,13910321,1,باز,ندارد,13910321,14031124,14031124,205921,3,حقوقي,,موسسه نوری‌پور بازرگانی,0560954379,شناسه ملی,,5WB2FSSXXANNIOQL,دارد,100,1,صاحب حساب,13910321,
052,بانک شهر,9876546,IR710522535544964759876220,1,حساب هاي جاري بدون دسته چک,IRR,Iranian Rial,13990524,1,باز,ندارد,13990524,14031124,14031124,194705,1,حقيقي ايراني,کامران,هدایت,0549158758,شماره ملی,,4L6ZOIG9L59MJP85,دارد,100,1,صاحب حساب,13990524,
021,بانک صادرات,5692415,IR830218006811492164334722,5,حساب سرمایه گذاري بلند مدت,IRR,Iranian Rial,13890122,1,باز,ندارد,13890122,14031124,14031124,135558,1,حقيقي ايراني,سپهر,نوری‌پور,0540873764,شماره ملی,,8X5RWN1NJBDLVCE8,دارد,100,1,صاحب حساب,13890122,
015,بانک کشاورزی,1234571,IR530157282997968845783174,2,حساب پس انداز,IRR,Iranian Rial,13910501,1,باز,ندارد,13910501,14031124,14031124,083352,1,حقيقي ايراني,سارا,زارعی,0824468041,شماره ملی,,X2L8O9ABAS2QNFSI,دارد,100,1,صاحب حساب,13910501,
054,بانک پاسارگاد,1234568,IR780540774064930853686632,3,حساب سرمایه گذاري كوتاه مدت,IRR,Iranian Rial,13920503,1,باز,ندارد,13920503,14031124,14031124,144015,2,حقيقي اتباع خارجي,Pierre,Mueller,,,FID3473597746,WXQAC8G3UNZ6X7I5,دارد,100,1,صاحب حساب,13920503,
052,بانک شهر,3333333,IR720524631224179749735020,5,حساب سرمایه گذاري بلند مدت,IRR,Iranian Rial,13900509,1,باز,ندارد,13900509,14031124,14031124,104528,2,حقيقي اتباع خارجي,Hans,Dubois,,,FID2613750606,WNFO5NE1K6L982IU,دارد,100,1,صاحب حساب,13900509,
051,بانک ملی,5692414,IR070513564757051204618723,2,حساب پس انداز,IRR,Iranian Rial,14020104,1,باز,ندارد,14020104,14031124,14031124,204515,1,حقيقي ايراني,آرین,باقری,0925906451,شماره ملی,,051GD9ZXR7IFJ73F,دارد,100,1,صاحب حساب,14020104,
015,بانک کشاورزی,5692423,IR340151837645208814743503,4,حساب هاي جاري با دسته چک,IRR,Iranian Rial,13950601,1,باز,ندارد,13950601,14031124,14031124,105017,1,حقيقي ايراني,زهرا,حسینی,0770859429,شماره ملی,,Y1WF9IR0MFQB5XN4,دارد,100,1,صاحب حساب,13950601,
021,بانک صادرات,5692423,IR540217925132719500528127,1,حساب هاي جاري بدون دسته چک,IRR,Iranian Rial,13971125,1,باز,ندارد,13971125,14031124,14031124,135157,3,حقوقي,,سازمان نوری‌پور خدماتی,0781319501,شناسه ملی,,Z1OU2ONG1M4MF6L8,دارد,100,1,صاحب حساب,13971125,
051,بانک ملی,5692412,IR250514077848739285574982,4,حساب هاي جاري با دسته چک,IRR,Iranian Rial,13960527,1,باز,ندارد,13960527,14031124,14031124,123423,1,حقيقي ايراني,سپهر,موسوی,0723606293,شماره ملی,,UB84T2IC2C2KJWPY,دارد,100,1,صاحب حساب,13960527,
019,بانک سینا,1234569,IR530195935186387829456511,5,حساب سرمایه گذاري بلند مدت,IRR,Iranian Rial,13890306,1,باز,ندارد,13890306,14031124,14031124,081206,1,حقيقي ايراني,کامران,حسین‌پور,0484011545,شماره ملی,,M3LH7NRPSOLBVVNX,دارد,100,1,صاحب حساب,13890306,
058,بانک ملت,5692413,IR320588994053910371705865,4,حساب هاي جاري با دسته چک,IRR,Iranian Rial,13930902,1,باز,ندارد,13930902,14031124,14031124,190453,1,حقيقي ايراني,فرهاد,کریمی,0677951132,شماره ملی,,BYIK65KIJSRASMS2,دارد,100,1,صاحب حساب,13930902,
051,بانک ملی,9876544,IR810518633839288619576122,5,حساب سرمایه گذاري بلند مدت,IRR,Iranian Rial,13941106,1,باز,ندارد,13941106,14031124,14031124,163828,2,حقيقي اتباع خارجي,Hans,Garcia,,,FID401658202,S284FNNO29SNNS48,دارد,50,1,صاحب حساب,13941106,
051,بانک ملی,9876544,IR810518633839288619576122,5,حساب سرمایه گذاري بلند مدت,IRR,Iranian Rial,13941106,1,باز,ندارد,13941106,14031124,14031124,163828,1,حقيقي ايراني,نیلوفر,هدایت,0474051072,شماره ملی,,F71BVXOZ7GGSDIVC,دارد,0,2,صاحب امضا,13941106,
019,بانک سینا,1234567,IR800195939836845776004908,1,حساب هاي جاري بدون دسته چک,IRR,Iranian Rial,13930110,3,مسدود,ندارد,13930110,14031124,14031124,111354,1,حقيقي ايراني,بهنام,موسوی,0697418121,شماره ملی,,5KM4ZYIJABNWE7C8,دارد,100,1,صاحب حساب,13930110,
018,بانک تجارت,9876545,IR090189210752245933441969,1,حساب هاي جاري بدون دسته چک,IRR,Iranian Rial,14000626,1,باز,ندارد,14000626,14031124,14031124,151131,1,حقيقي ايراني,مریم,قاسمی,0843594985,شماره ملی,,NTZ854JPUXQQ48K4,دارد,100,1,صاحب حساب,14000626,
052,بانک شهر,5692415,IR250529610556613906048058,5,حساب سرمایه گذاري بلند مدت,IRR,Iranian Rial,13971208,1,باز,ندارد,13971208,14031124,14031124,100343,1,حقيقي ايراني,نگین,یزدی‌پور,0839946953,شماره ملی,,B8RW37X9JAAKEMXI,دارد,100,1,صاحب حساب,13971208,
021,بانک صادرات,1234571,IR740211364622517908641686,1,حساب هاي جاري بدون دسته چک,IRR,Iranian Rial,13960907,1,باز,ندارد,13960907,14031124,14031124,152541,3,حقوقي,,هلدینگ هدایت توسعه,0839326831,شناسه ملی,,H8JY5WA9AL2152GD,دارد,100,1,صاحب حساب,13960907,
019,بانک سینا,9876547,IR090191465911665535590425,5,حساب سرمایه گذاري بلند مدت,IRR,Iranian Rial,14010820,1,باز,ندارد,14010820,14031124,14031124,102802,2,حقيقي اتباع خارجي,Pierre,Garcia,,,FID0784473647,43ASQUTDL9KKMP8N,دارد,50,1,صاحب حساب,14010820,
019,بانک سینا,9876547,IR090191465911665535590425,5,حساب سرمایه گذاري بلند مدت,IRR,Iranian Rial,14010820,1,باز,ندارد,14010820,14031124,14031124,102802,1,حقيقي ايراني,سینا,کریمی‌پور,0726088889,شماره ملی,,7HSF963IOQFAKKCA,ندارد,50,3,شریک,14010820,
051,بانک ملی,2222222,IR650511039240514770538338,5,حساب سرمایه گذاري بلند مدت,IRR,Iranian Rial,13970820,1,باز,ندارد,13970820,14031124,14031124,190944,1,حقيقي ايراني,سپیده,جعفری,0767559088,شماره ملی,,15PWTFDM33IVUIY0,دارد,100,1,صاحب حساب,13970820,
056,بانک سامان,1234569,IR980564204394070164510463,3,حساب سرمایه گذاري كوتاه مدت,IRR,Iranian Rial,14000229,1,باز,ندارد,14000229,14031124,14031124,133155,3,حقوقي,,موسسه محمدی‌نژاد سرمایه‌گذاری,0590938436,شناسه ملی,,PN2P3ZCNZI4OWSZH,دارد,100,1,صاحب حساب,14000229,
058,بانک ملت,5692421,IR950588003845762055543840,2,حساب پس انداز,IRR,Iranian Rial,14020118,2,بسته,ندارد,14020118,14031124,14031124,121409,3,حقوقي,,سازمان بهرامی تحقیقاتی,0259465453,شناسه ملی,,86PNLZN9CWPW2228,دارد,100,1,صاحب حساب,14020118,
021,بانک صادرات,2222222,IR190218936392649578232983,1,حساب هاي جاري بدون دسته چک,IRR,Iranian Rial,14000905,1,باز,ندارد,14000905,14031124,14031124,145849,2,حقيقي اتباع خارجي,Pierre,Garcia,,,FID298259526,JLWWYVJU1NL7QJ1U,دارد,100,1,صاحب حساب,14000905,
052,بانک شهر,5692421,IR380528125205664742312209,5,حساب سرمایه گذاري بلند مدت,IRR,Iranian Rial,13981008,1,باز,ندارد,13981008,14031124,14031124,171414,1,حقيقي ايراني,محمد,فراهانی,0744847443,شماره ملی,,AXO9F27C1SKQ9QDQ,دارد,100,1,صاحب حساب,13981008,
020,بانک سپه,5692414,IR350209752677223306046333,4,حساب هاي جاري با دسته چک,IRR,Iranian Rial,13961016,1,باز,ندارد,13961016,14031124,14031124,192055,1,حقيقي ايراني,فاطمه,جلالی,0285331175,شماره ملی,,XDZKUXOKBTYLYMGU,دارد,100,1,صاحب حساب,13961016,
051,بانک ملی,1234570,IR870516569998808177038860,5,حساب سرمایه گذاري بلند مدت,IRR,Iranian Rial,14011102,1,باز,ندارد,14011102,14031124,14031124,111828,1,حقيقي ايراني,سهیل,کاظمی,0500638799,شماره ملی,,EJIDVKUMZHI7YOPM,دارد,100,1,صاحب حساب,14011102,
018,بانک تجارت,5555555,IR270186490827718129826657,4,حساب هاي جاري با دسته چک,IRR,Iranian Rial,13981229,1,باز,ندارد,13981229,14031124,14031124,115629,3,حقوقي,,گروه رضایی مشاوره,0486050904,شناسه ملی,,5MSGUDCYHZH86FF3,دارد,100,1,صاحب حساب,13981229,
020,بانک سپه,3333333,IR350201751868926860259222,1,حساب هاي جاري بدون دسته چک,IRR,Iranian Rial,13890710,1,باز,ندارد,13890710,14031124,14031124,124649,1,حقيقي ايراني,کامران,کریمی‌پور,0170452379,شماره ملی,,6QLU680ZAQUUCIKI,دارد,50,1,صاحب حساب,13890710,
020,بانک سپه,3333333,IR350201751868926860259222,1,حساب هاي جاري بدون دسته چک,IRR,Iranian Rial,13890710,1,باز,ندارد,13890710,14031124,14031124,124649,1,حقيقي ايراني,کامران,فراهانی,0411680676,شماره ملی,,Y2BQB2PVBI20J6LI,دارد,0,2,صاحب امضا,13890710,
054,بانک پاسارگاد,5692415,IR310549407778097339776719,5,حساب سرمایه گذاري بلند مدت,IRR,Iranian Rial,13970520,1,باز,ندارد,13970520,14031124,14031124,183552,1,حقيقي ايراني,نگین,زارعی,0728166844,شماره ملی,,HC7LATGB0LICBPRW,دارد,100,1,صاحب حساب,13970520,
056,بانک سامان,5692421,IR820560209945101622499982,3,حساب سرمایه گذاري كوتاه مدت,IRR,Iranian Rial,13940103,1,باز,ندارد,13940103,14031124,14031124,201920,1,حقيقي ايراني,سارا,موسوی,0288726065,شماره ملی,,UKF0GOFSHLJ0GNF3,دارد,100,1,صاحب حساب,13940103,
021,بانک صادرات,5692414,IR600214721458683390198179,2,حساب پس انداز,IRR,Iranian Rial,14020609,1,باز,ندارد,14020609,14031124,14031124,163639,1,حقيقي ايراني,سمیرا,موسوی,0644140968,شماره ملی,,WJ7INEE8U9TNQZUY,دارد,100,1,صاحب حساب,14020609,
054,بانک پاسارگاد,9876547,IR480547729343010713966055,5,حساب سرمایه گذاري بلند مدت,IRR,Iranian Rial,13920121,1,باز,ندارد,13920121,14031124,14031124,114418,3,حقوقي,,گروه امانی توسعه,0899688632,شناسه ملی,,5XSXN473ZWCY9AKX,دارد,100,1,صاحب حساب,13920121,
058,بانک ملت,5692432,IR170585015569902355770272,3,حساب سرمایه گذاري كوتاه مدت,IRR,Iranian Rial,13970615,2,بسته,ندارد,13970615,14031124,14031124,205226,1,حقيقي ايراني,عرفان,شمس,0222059801,شماره ملی,,WS3T8WQT3ZTJ1PG0,دارد,50,1,صاحب حساب,13970615,
058,بانک ملت,5692432,IR170585015569902355770272,3,حساب سرمایه گذاري كوتاه مدت,IRR,Iranian Rial,13970615,2,بسته,ندارد,13970615,14031124,14031124,205226,2,حقيقي اتباع خارجي,Carlos,Smith,,,FID65180170,IQB8QNOSOO5Y8M7B,ندارد,50,3,شریک,13970615,
019,بانک سینا,5692432,IR330198039551240568299629,4,حساب هاي جاري با دسته چک,IRR,Iranian Rial,14010523,2,بسته,ندارد,14010523,14031124,14031124,134502,3,حقوقي,,موسسه احمدی خدماتی,0398889740,شناسه ملی,,01JTYRYOEFTM9HC7,دارد,100,1,صاحب حساب,14010523,
058,بانک ملت,9876543,IR850584384215031780782357,5,حساب سرمایه گذاري بلند مدت,IRR,Iranian Rial,13940325,1,باز,ندارد,13940325,14031124,14031124,095233,1,حقيقي ايراني,نسیم,یزدی‌پور,0120999439,شماره ملی,,FD462S3F2PSEYD38,دارد,100,1,صاحب حساب,13940325,
054,بانک پاسارگاد,5692422,IR130548104091570184094353,1,حساب هاي جاري بدون دسته چک,IRR,Iranian Rial,13970625,1,باز,ندارد,13970625,14031124,14031124,154207,1,حقيقي ايراني,لیلا,یزدی,0873242203,شماره ملی,,KKFJ9XEQJH3ZBRZV,دارد,100,1,صاحب حساب,13970625,
054,بانک پاسارگاد,5692431,IR840548813858542493214958,3,حساب سرمایه گذاري كوتاه مدت,IRR,Iranian Rial,13890829,1,باز,ندارد,13890829,14031124,14031124,180306,1,حقيقي ايراني,سپهر,امانی,0611577089,شماره ملی,,XKQQ9JOBYUFEJ9T3,دارد,100,1,صاحب حساب,13890829,
058,بانک ملت,1234570,IR590589795453817921717477,1,حساب هاي جاري بدون دسته چک,IRR,Iranian Rial,13911009,2,بسته,ندارد,13911009,14031124,14031124,132511,1,حقيقي ايراني,رویا,زارعی,0279976240,شماره ملی,,OFGDL5SN5YC3HO24,دارد,100,1,صاحب حساب,13911009,
020,بانک سپه,1234567,IR380201715772459928161581,2,حساب پس انداز,IRR,Iranian Rial,13951014,1,باز,ندارد,13951014,14031124,14031124,113915,1,حقيقي ايراني,آرین,حسین‌پور,0546897134,شماره ملی,,J0DC7UFDPFZKIOTY,دارد,100,1,صاحب حساب,13951014,
015,بانک کشاورزی,1234569,IR510159669583219719975817,1,حساب هاي جاري بدون دسته چک,IRR,Iranian Rial,13950220,1,باز,ندارد,13950220,14031124,14031124,094352,1,حقيقي ايراني,رقیه,قاسمی,0788290703,شماره ملی,,VT6UKDNKQ2E91GZQ,دارد,100,1,صاحب حساب,13950220,
021,بانک صادرات,1234567,IR720213290227846997335494,3,حساب سرمایه گذاري كوتاه مدت,IRR,Iranian Rial,13940219,1,باز,ندارد,13940219,14031124,14031124,083932,1,حقيقي ايراني,سینا,کریمی‌پور,0609812319,شماره ملی,,FVZLGVVTAMA8YVBY,دارد,100,1,صاحب حساب,13940219,
054,بانک پاسارگاد,5692432,IR460540085140369656666832,3,حساب سرمایه گذاري كوتاه مدت,IRR,Iranian Rial,13970727,1,باز,ندارد,13970727,14031124,14031124,135326,3,حقوقي,,شرکت رضایی خدماتی,0199764581,شناسه ملی,,30Q8E490DWTN3UV1,دارد,100,1,صاحب حساب,13970727,
054,بانک پاسارگاد,5692416,IR860542762126796927868765,1,حساب هاي جاري بدون دسته چک,IRR,Iranian Rial,13980119,1,باز,ندارد,13980119,14031124,14031124,155446,1,حقيقي ايراني,مریم,محمدی,0810572338,شماره ملی,,HYI1WRB66X9FCXGM,دارد,100,1,صاحب حساب,13980119,
019,بانک سینا,5692431,IR310195009751971284781891,1,حساب هاي جاري بدون دسته چک,IRR,Iranian Rial,14001122,1,باز,ندارد,14001122,14031124,14031124,094340,1,حقيقي ايراني,زهرا,قاسمی,0644960760,شماره ملی,,TFEJ525POOZU30A5,دارد,100,1,صاحب حساب,14001122,
052,بانک شهر,5692432,IR700528077879565442094940,3,حساب سرمایه گذاري كوتاه مدت,IRR,Iranian Rial,13980122,1,باز,ندارد,13980122,14031124,14031124,125147,1,حقيقي ايراني,سپهر,نوری‌پور,0544623894,شماره ملی,,6X2EDUH24HY2BK1D,دارد,100,1,صاحب حساب,13980122,
018,بانک تجارت,9876543,IR090181442944401929275243,3,حساب سرمایه گذاري كوتاه مدت,IRR,Iranian Rial,13970111,1,باز,ندارد,13970111,14031124,14031124,090938,1,حقيقي ايراني,زهرا,جعفری,0318037033,شماره ملی,,FOYLO85WM36RE4LP,دارد,50,1,صاحب حساب,13970111,
018,بانک تجارت,9876543,IR090181442944401929275243,3,حساب سرمایه گذاري كوتاه مدت,IRR,Iranian Rial,13970111,1,باز,ندارد,13970111,14031124,14031124,090938,3,حقوقي,,هلدینگ هدایت تجاری,0466853327,شناسه ملی,,SVEMZORBO5IF45H9,ندارد,50,3,شریک,13970111,
015,بانک کشاورزی,5555555,IR890157239504102767478366,3,حساب سرمایه گذاري كوتاه مدت,IRR,Iranian Rial,13970701,1,باز,ندارد,13970701,14031124,14031124,125951,1,حقيقي ايراني,احسان,نوری,0584123655,شماره ملی,,650JSNH685BRSZZW,دارد,100,1,صاحب حساب,13970701,
020,بانک سپه,9876544,IR030205694544149673938525,5,حساب سرمایه گذاري بلند مدت,IRR,Iranian Rial,13890201,1,باز,ندارد,13890201,14031124,14031124,140633,1,حقيقي ايراني,رضا,قاسمی,0843861231,شماره ملی,,5KO0IQO5ZFXAOA8H,دارد,100,1,صاحب حساب,13890201,
015,بانک کشاورزی,1234568,IR420153009109391119269212,2,حساب پس انداز,IRR,Iranian Rial,13990221,1,باز,ندارد,13990221,14031124,14031124,155917,1,حقيقي ايراني,نگین,کریمی,0324421974,شماره ملی,,RHQJU4NGFVCT68J0,دارد,100,1,صاحب حساب,13990221,
020,بانک سپه,5692431,IR780200665044271739627128,3,حساب سرمایه گذاري كوتاه مدت,IRR,Iranian Rial,13990215,1,باز,ندارد,13990215,14031124,14031124,191606,3,حقوقي,,هلدینگ رحمتی علمی,0542303401,شناسه ملی,,SLR8JKCUKBPKIVFK,دارد,100,1,صاحب حساب,13990215,
058,بانک ملت,9876546,IR180587200642569087766183,4,حساب هاي جاري با دسته چک,IRR,Iranian Rial,14000804,1,باز,ندارد,14000804,14031124,14031124,173459,1,حقيقي ايراني,شقایق,حسینی,0856787345,شماره ملی,,CYBZ1TDSI4QV8JFG,دارد,50,1,صاحب حساب,14000804,
020,بانک سپه,2222222,IR680201585174328063461571,3,حساب سرمایه گذاري كوتاه مدت,IRR,Iranian Rial,13910107,1,باز,ندارد,13910107,14031124,14031124,084637,1,حقيقي ايراني,زینب,کریمی,0702727148,شماره ملی,,UPYWQY2NY56FMA2P,دارد,100,1,صاحب حساب,13910107,
021,بانک صادرات,5692414,IR880218700505061387829310,1,حساب هاي جاري بدون دسته چک,IRR,Iranian Rial,13890820,1,باز,ندارد,13890820,14031124,14031124,081544,3,حقوقي,,هلدینگ حسینی صنعتی,0114156980,شناسه ملی,,6GEWXZESNPTW9M1U,دارد,100,1,صاحب حساب,13890820,
056,بانک سامان,5692421,IR390567929111799313656519,5,حساب سرمایه گذاري بلند مدت,IRR,Iranian Rial,14020425,1,باز,ندارد,14020425,14031124,14031124,083711,1,حقيقي ايراني,زهرا,حسینی,0290153204,شماره ملی,,MJLTDXUMU6SSK4J2,دارد,100,1,صاحب حساب,14020425,
058,بانک ملت,5692431,IR620585827390219620710021,5,حساب سرمایه گذاري بلند مدت,IRR,Iranian Rial,13951226,2,بسته,ندارد,13951226,14031124,14031124,204930,3,حقوقي,,شرکت نوری تجاری,0969690509,شناسه ملی,,6AFXBZALZRTEPBBR,دارد,100,1,صاحب حساب,13951226,
051,بانک ملی,5692416,IR510516329092791456083318,4,حساب هاي جاري با دسته چک,IRR,Iranian Rial,14020917,1,باز,ندارد,14020917,14031124,14031124,112949,1,حقيقي ايراني,بهنام,فراهانی,0676536069,شماره ملی,,O0DDH46YBNKCT7GV,دارد,100,1,صاحب حساب,14020917,
051,بانک ملی,5692431,IR760512772200543645970108,1,حساب هاي جاري بدون دسته چک,IRR,Iranian Rial,13890817,1,باز,ندارد,13890817,14031124,14031124,090457,1,حقيقي ايراني,نسیم,رحمتی,0920484271,شماره ملی,,P7MMTBJ58K7FJ7BN,دارد,100,1,صاحب حساب,13890817,
015,بانک کشاورزی,9876546,IR520153531531363631797062,1,حساب هاي جاري بدون دسته چک,IRR,Iranian Rial,13960313,2,بسته,ندارد,13960313,14031124,14031124,130829,1,حقيقي ايراني,ناژین,بهرامی,0285042351,شماره ملی,,ORBVYBZAVI8BKS3M,دارد,100,1,صاحب حساب,13960313,
020,بانک سپه,5692431,IR120200904217762534929298,1,حساب هاي جاري بدون دسته چک,IRR,Iranian Rial,14020916,1,باز,ندارد,14020916,14031124,14031124,113730,3,حقوقي,,موسسه حسین‌پور سرمایه‌گذاری,0615321143,شناسه ملی,,ZWVQVQSVA51EI2HE,دارد,100,1,صاحب حساب,14020916,
018,بانک تجارت,5692412,IR070185693929060078068671,3,حساب سرمایه گذاري كوتاه مدت,IRR,Iranian Rial,13900925,1,باز,ندارد,13900925,14031124,14031124,084446,1,حقيقي ايراني,بهنام,فراهانی,0764798316,شماره ملی,,ZW77HYNY2SYDR6FJ,دارد,100,1,صاحب حساب,13900925,
051,بانک ملی,5692416,IR940511074279907726257016,2,حساب پس انداز,IRR,Iranian Rial,13930725,1,باز,ندارد,13930725,14031124,14031124,124439,3,حقوقي,,شرکت محمدی‌نژاد تولیدی,0567852091,شناسه ملی,,5S7FDMRA8DD3MYHY,دارد,100,1,صاحب حساب,13930725,
051,بانک ملی,2222222,IR640510850165790552818325,1,حساب هاي جاري بدون دسته چک,IRR,Iranian Rial,13990824,1,باز,ندارد,13990824,14031124,14031124,203755,1,حقيقي ايراني,سمیرا,فراهانی,0458821780,شماره ملی,,W68Q3H88F9KFPV9H,دارد,50,1,صاحب حساب,13990824,
051,بانک ملی,2222222,IR640510850165790552818325,1,حساب هاي جاري بدون دسته چک,IRR,Iranian Rial,13990824,1,باز,ندارد,13990824,14031124,14031124,203755,1,حقيقي ايراني,پریسا,کریمی,0950440787,شماره ملی,,5PWHNTVK05TM4YPD,ندارد,50,3,شریک,13990824,
051,بانک ملی,1234567,IR700516401557788178847951,1,حساب هاي جاري بدون دسته چک,IRR,Iranian Rial,13960203,2,بسته,ندارد,13960203,14031124,14031124,145711,3,حقوقي,,گروه محمدی‌نژاد تولیدی,0533342260,شناسه ملی,,ILZ8VL326T17AST0,دارد,100,1,صاحب حساب,13960203,
058,بانک ملت,5692415,IR530582723804682756704310,1,حساب هاي جاري بدون دسته چک,IRR,Iranian Rial,13971111,1,باز,ندارد,13971111,14031124,14031124,143721,3,حقوقي,,موسسه جلالی توسعه,0277050741,شناسه ملی,,JAH5NG5NA3PJER56,دارد,100,1,صاحب حساب,13971111,
020,بانک سپه,9876543,IR560207749242437540254729,1,حساب هاي جاري بدون دسته چک,IRR,Iranian Rial,13930306,1,باز,ندارد,13930306,14031124,14031124,194457,1,حقيقي ايراني,زهرا,احمدی,0896823131,شماره ملی,,EXS00L7R8U4EO566,دارد,100,1,صاحب حساب,13930306,
054,بانک پاسارگاد,5692421,IR510545927452380552578284,4,حساب هاي جاري با دسته چک,IRR,Iranian Rial,13950825,2,بسته,ندارد,13950825,14031124,14031124,102959,1,حقيقي ايراني,نگین,رحمتی,0278705847,شماره ملی,,94X0ASMD9QSD5687,دارد,100,1,صاحب حساب,13950825,
056,بانک سامان,4444444,IR840564749297517028140693,3,حساب سرمایه گذاري كوتاه مدت,IRR,Iranian Rial,13940120,1,باز,ندارد,13940120,14031124,14031124,181237,1,حقيقي ايراني,شقایق,صادقی,0522119670,شماره ملی,,8FH5FZI1JDXWCPI3,دارد,100,1,صاحب حساب,13940120,
018,بانک تجارت,5692422,IR370187186375998056265650,2,حساب پس انداز,IRR,Iranian Rial,13930828,1,باز,ندارد,13930828,14031124,14031124,160513,2,حقيقي اتباع خارجي,Peter,Dubois,,,FID137918055,8OQNYBU4140GD23P,دارد,100,1,صاحب حساب,13930828,
015,بانک کشاورزی,4444444,IR240152662991234785196106,2,حساب پس انداز,IRR,Iranian Rial,13970823,1,باز,ندارد,13970823,14031124,14031124,174858,1,حقيقي ايراني,ناژین,جلالی,0639927602,شماره ملی,,5YY9H5J5WD9YKP4J,دارد,100,1,صاحب حساب,13970823,
054,بانک پاسارگاد,1234569,IR400540494787300244714627,1,حساب هاي جاري بدون دسته چک,IRR,Iranian Rial,14010516,1,باز,ندارد,14010516,14031124,14031124,093847,1,حقيقي ايراني,محمد,کریمی‌پور,0215712854,شماره ملی,,R7T3JB7080AVMXXG,دارد,100,1,صاحب حساب,14010516,
015,بانک کشاورزی,9876546,IR040151589042902572520456,2,حساب پس انداز,IRR,Iranian Rial,13930921,1,باز,ندارد,13930921,14031124,14031124,093212,1,حقيقي ايراني,سهیل,یزدی,0258453044,شماره ملی,,1LRHX4G4VTWN3VAN,دارد,100,1,صاحب حساب,13930921,
054,بانک پاسارگاد,5555555,IR250548554451895202845765,1,حساب هاي جاري بدون دسته چک,IRR,Iranian Rial,13910908,1,باز,ندارد,13910908,14031124,14031124,115057,1,حقيقي ايراني,عرفان,امانی,0254798144,شماره ملی,,EW020F2UNO9B2ZQE,دارد,100,1,صاحب حساب,13910908,
019,بانک سینا,9876545,IR160197112075452798524013,1,حساب هاي جاري بدون دسته چک,IRR,Iranian Rial,13911208,2,بسته,ندارد,13911208,14031124,14031124,120813,1,حقيقي ايراني,نیلوفر,محمدی‌نژاد,0204538254,شماره ملی,,N7W3BEX2P4TIJK5Z,دارد,100,1,صاحب حساب,13911208,
058,بانک ملت,1234570,IR360587603108907140140119,1,حساب هاي جاري بدون دسته چک,IRR,Iranian Rial,13920322,1,باز,ندارد,13920322,14031124,14031124,130105,1,حقيقي ايراني,هستی,جعفری,0856728594,شماره ملی,,JFTNVCYF90Q1EYM0,دارد,100,1,صاحب حساب,13920322,
018,بانک تجارت,9876546,IR140188938911908334280138,3,حساب سرمایه گذاري كوتاه مدت,IRR,Iranian Rial,13980315,1,باز,ندارد,13980315,14031124,14031124,180611,3,حقوقي,,شرکت رحمتی تحقیقاتی,0512733791,شناسه ملی,,6DXFQV39H52EXQNT,دارد,100,1,صاحب حساب,13980315,
021,بانک صادرات,1234570,IR620216151718275480157164,3,حساب سرمایه گذاري كوتاه مدت,IRR,Iranian Rial,13931127,1,باز,ندارد,13931127,14031124,14031124,151435,3,حقوقي,,شرکت حسینی علمی,0778373665,شناسه ملی,,8P43R8FIGKPKKSHE,دارد,100,1,صاحب حساب,13931127,
021,بانک صادرات,5692422,IR040212071678112669121535,1,حساب هاي جاري بدون دسته چک,IRR,Iranian Rial,13950208,1,باز,ندارد,13950208,14031124,14031124,144631,1,حقيقي ايراني,مهدی,یزدی‌پور,0884781844,شماره ملی,,696ASTKQ7YMDSJTG,دارد,100,1,صاحب حساب,13950208,
052,بانک شهر,9876546,IR050527967842711477320101,3,حساب سرمایه گذاري كوتاه مدت,IRR,Iranian Rial,13910720,1,باز,ندارد,13910720,14031124,14031124,182009,3,حقوقي,,شرکت نوری‌پور سرمایه‌گذاری,0508310431,شناسه ملی,,2DK95FMPW3JGB1PS,دارد,100,1,صاحب حساب,13910720,
052,بانک شهر,5692415,IR470527347784858800616756,3,حساب سرمایه گذاري كوتاه مدت,IRR,Iranian Rial,13890318,1,باز,ندارد,13890318,14031124,14031124,185549,1,حقيقي ايراني,سهیل,کریمی‌پور,0399588388,شماره ملی,,86Y5R215DEW1ZCYQ,دارد,100,1,صاحب حساب,13890318,
054,بانک پاسارگاد,9876543,IR240546719788977828064796,5,حساب سرمایه گذاري بلند مدت,IRR,Iranian Rial,14010511,1,باز,ندارد,14010511,14031124,14031124,080137,1,حقيقي ايراني,مریم,یزدی‌پور,0314291105,شماره ملی,,RLH9DL65O6MMG2TY,دارد,100,1,صاحب حساب,14010511,
020,بانک سپه,1234568,IR580206165565033349114152,4,حساب هاي جاري با دسته چک,IRR,Iranian Rial,13890822,1,باز,ندارد,13890822,14031124,14031124,143632,1,حقيقي ايراني,زهرا,کاظمی,0493497226,شماره ملی,,NC42EI5E6OHTNANM,دارد,50,1,صاحب حساب,13890822,
020,بانک سپه,1234568,IR580206165565033349114152,4,حساب هاي جاري با دسته چک,IRR,Iranian Rial,13890822,1,باز,ندارد,13890822,14031124,14031124,143632,1,حقيقي ايراني,سپهر,کریمی,0917561791,شماره ملی,,AYFATOHZEK3E2KPH,دارد,0,2,صاحب امضا,13890822,
056,بانک سامان,3333333,IR380565696591713578529456,1,حساب هاي جاري بدون دسته چک,IRR,Iranian Rial,14020227,1,باز,ندارد,14020227,14031124,14031124,161318,1,حقيقي ايراني,هستی,هدایت,0770056857,شماره ملی,,PT9G8FZYGRPNE8WV,دارد,100,1,صاحب حساب,14020227,
018,بانک تجارت,9876546,IR620181919541987635148468,2,حساب پس انداز,IRR,Iranian Rial,13950520,1,باز,ندارد,13950520,14031124,14031124,162942,1,حقيقي ايراني,حسین,احمدی,0942143825,شماره ملی,,AR4OOTXGZ07YHL7I,دارد,100,1,صاحب حساب,13950520,
054,بانک پاسارگاد,5692412,IR520547374896908357232466,2,حساب پس انداز,IRR,Iranian Rial,13901107,2,بسته,ندارد,13901107,14031124,14031124,141752,1,حقيقي ايراني,مریم,یزدی,0453514790,شماره ملی,,WBW6JWC9NAYX0KV1,دارد,100,1,صاحب حساب,13901107,
054,بانک پاسارگاد,5692431,IR300543123034778660324204,2,حساب پس انداز,IRR,Iranian Rial,13911128,1,باز,ندارد,13911128,14031124,14031124,084631,1,حقيقي ايراني,سمیرا,کریمی‌پور,0177745843,شماره ملی,,F55V4Y88UZAGXRDY,دارد,100,1,صاحب حساب,13911128,
056,بانک سامان,5692414,IR960561651623198189847139,4,حساب هاي جاري با دسته چک,IRR,Iranian Rial,13940627,1,باز,ندارد,13940627,14031124,14031124,174724,2,حقيقي اتباع خارجي,Peter,Weber,,,FID578713315,1ZEE043E42L4WFHV,دارد,100,1,صاحب حساب,13940627,
051,بانک ملی,1234570,IR940512347649078515867342,2,حساب پس انداز,IRR,Iranian Rial,13940501,1,باز,ندارد,13940501,14031124,14031124,185738,1,حقيقي ايراني,عرفان,فراهانی,0734408315,شماره ملی,,FUQC66RMRQT363PL,دارد,100,1,صاحب حساب,13940501,
056,بانک سامان,3333333,IR540566451837606441343275,3,حساب سرمایه گذاري كوتاه مدت,IRR,Iranian Rial,13930227,1,باز,ندارد,13930227,14031124,14031124,203130,3,حقوقي,,شرکت حسین‌پور توسعه,0355294079,شناسه ملی,,YS8RBHTF4SZ63Y05,دارد,100,1,صاحب حساب,13930227,
020,بانک سپه,3333333,IR240204815698570027206345,5,حساب سرمایه گذاري بلند مدت,IRR,Iranian Rial,13910417,1,باز,ندارد,13910417,14031124,14031124,194953,3,حقوقي,,گروه صادقی سرمایه‌گذاری,0751816485,شناسه ملی,,UDP3AO0OGTIRZV9C,دارد,100,1,صاحب حساب,13910417,
054,بانک پاسارگاد,9876547,IR140547242954316526693008,5,حساب سرمایه گذاري بلند مدت,IRR,Iranian Rial,13900807,1,باز,ندارد,13900807,14031124,14031124,124454,1,حقيقي ايراني,عرفان,یزدی,0827722087,شماره ملی,,3K33UWXA3W5B44FP,دارد,100,1,صاحب حساب,13900807,
021,بانک صادرات,9876547,IR400212152910867713334476,1,حساب هاي جاري بدون دسته چک,IRR,Iranian Rial,13921007,1,باز,ندارد,13921007,14031124,14031124,124643,1,حقيقي ايراني,عرفان,بهرامی,0153340355,شماره ملی,,5QXKGDKFGP8JTK40,دارد,100,1,صاحب حساب,13921007,
054,بانک پاسارگاد,1234570,IR550544397359710725636694,4,حساب هاي جاري با دسته چک,IRR,Iranian Rial,13890111,1,باز,ندارد,13890111,14031124,14031124,113058,1,حقيقي ايراني,رضا,کاظمی,0386090874,شماره ملی,,WG8M4FNIASYJX0ZJ,دارد,100,1,صاحب حساب,13890111,
052,بانک شهر,2222222,IR590524896465280924287572,4,حساب هاي جاري با دسته چک,IRR,Iranian Rial,13970705,1,باز,ندارد,13970705,14031124,14031124,120720,3,حقوقي,,شرکت محمدی‌نژاد سرمایه‌گذاری,0254925731,شناسه ملی,,6Z9HIDLDGWVG35RH,دارد,100,1,صاحب حساب,13970705,
054,بانک پاسارگاد,9876543,IR450544494856257287032032,4,حساب هاي جاري با دسته چک,IRR,Iranian Rial,13911215,1,باز,ندارد,13911215,14031124,14031124,140757,1,حقيقي ايراني,نگین,هدایت,0451590406,شماره ملی,,ASZRZ0749Y2NZ9R8,دارد,50,1,صاحب حساب,13911215,
054,بانک پاسارگاد,9876543,IR450544494856257287032032,4,حساب هاي جاري با دسته چک,IRR,Iranian Rial,13911215,1,باز,ندارد,13911215,14031124,14031124,140757,1,حقيقي ايراني,فاطمه,قاسمی,0381959953,شماره ملی,,F6MZQ9FABQ1BLQFH,ندارد,50,3,شریک,13911215,
015,بانک کشاورزی,1234568,IR480157121513422849939089,1,حساب هاي جاري بدون دسته چک,IRR,Iranian Rial,13900425,1,باز,ندارد,13900425,14031124,14031124,154306,1,حقيقي ايراني,احسان,رضایی,0731749456,شماره ملی,,ECTMJEE1CPLH4HMW,دارد,50,1,صاحب حساب,13900425,
015,بانک کشاورزی,1234568,IR480157121513422849939089,1,حساب هاي جاري بدون دسته چک,IRR,Iranian Rial,13900425,1,باز,ندارد,13900425,14031124,14031124,154306,1,حقيقي ايراني,مریم,حسینی,0450597105,شماره ملی,,BG26RMKRW7OCG2R0,ندارد,50,3,شریک,13900425,
018,بانک تجارت,2222222,IR490189152017774905097592,1,حساب هاي جاري بدون دسته چک,IRR,Iranian Rial,14011110,2,بسته,ندارد,14011110,14031124,14031124,135103,1,حقيقي ايراني,محمد‌رضا,صادقی,0193917254,شماره ملی,,LK7JWJQKPIZ8CQOB,دارد,100,1,صاحب حساب,14011110,
019,بانک سینا,9876547,IR690194236103266421476492,2,حساب پس انداز,IRR,Iranian Rial,14020617,1,باز,ندارد,14020617,14031124,14031124,113128,1,حقيقي ايراني,زینب,کاظمی,0100544843,شماره ملی,,JIDRKTSSDWUA5IWL,دارد,50,1,صاحب حساب,14020617,
019,بانک سینا,9876547,IR690194236103266421476492,2,حساب پس انداز,IRR,Iranian Rial,14020617,1,باز,ندارد,14020617,14031124,14031124,113128,1,حقيقي ايراني,بیژن,جعفری,0401507599,شماره ملی,,C912FU4TQCOVPF90,دارد,0,2,صاحب امضا,14020617,
018,بانک تجارت,9876546,IR070186592661085732788147,3,حساب سرمایه گذاري كوتاه مدت,IRR,Iranian Rial,14010810,1,باز,ندارد,14010810,14031124,14031124,100843,3,حقوقي,,شرکت کریمی‌پور صنعتی,0336071108,شناسه ملی,,XT3ZF7T8TXZKSWRZ,دارد,50,1,صاحب حساب,14010810,
018,بانک تجارت,9876546,IR070186592661085732788147,3,حساب سرمایه گذاري كوتاه مدت,IRR,Iranian Rial,14010810,1,باز,ندارد,14010810,14031124,14031124,100843,1,حقيقي ايراني,آرین,باقری,0447881000,شماره ملی,,FHXVFHS4IFHLKY58,ندارد,50,3,شریک,14010810,
019,بانک سینا,1234570,IR540198108186617945491801,3,حساب سرمایه گذاري كوتاه مدت,IRR,Iranian Rial,13910702,1,باز,ندارد,13910702,14031124,14031124,092656,1,حقيقي ايراني,نگین,جلالی,0387162690,شماره ملی,,4QQLYTQ3DQO1OU0M,دارد,100,1,صاحب حساب,13910702,
020,بانک سپه,9876546,IR560204523219416800610277,3,حساب سرمایه گذاري كوتاه مدت,IRR,Iranian Rial,14001024,2,بسته,ندارد,14001024,14031124,14031124,151939,1,حقيقي ايراني,ناژین,کاظمی,0833006371,شماره ملی,,EVEHRV1OLPAT8Y1P,دارد,100,1,صاحب حساب,14001024,
052,بانک شهر,1234568,IR180522203103037236831472,3,حساب سرمایه گذاري كوتاه مدت,IRR,Iranian Rial,13900329,1,باز,ندارد,13900329,14031124,14031124,104744,1,حقيقي ايراني,رضا,هدایت,0675274321,شماره ملی,,8TB3GOKDTKLOHQG5,دارد,100,1,صاحب حساب,13900329,
015,بانک کشاورزی,9876543,IR120153349605016679984076,3,حساب سرمایه گذاري كوتاه مدت,IRR,Iranian Rial,14001022,1,باز,ندارد,14001022,14031124,14031124,151445,1,حقيقي ايراني,محمد‌رضا,کریمی‌پور,0972608631,شماره ملی,,421FC19F8U7DTGNA,دارد,100,1,صاحب حساب,14001022,
056,بانک سامان,1234570,IR500561467179576024375738,1,حساب هاي جاري بدون دسته چک,IRR,Iranian Rial,13990620,1,باز,ندارد,13990620,14031124,14031124,194229,1,حقيقي ايراني,امیر,جعفری,0245087680,شماره ملی,,1JOPC4F6J72MYRN4,دارد,100,1,صاحب حساب,13990620,
018,بانک تجارت,4444444,IR630187293417223297167433,5,حساب سرمایه گذاري بلند مدت,IRR,Iranian Rial,13890629,1,باز,ندارد,13890629,14031124,14031124,122243,1,حقيقي ايراني,مریم,صادقی,0757937594,شماره ملی,,6RNT9RBXHYUTRHKF,دارد,100,1,صاحب حساب,13890629,
019,بانک سینا,5692413,IR870191931837455084289107,3,حساب سرمایه گذاري كوتاه مدت,IRR,Iranian Rial,14010204,3,مسدود,ندارد,14010204,14031124,14031124,203939,3,حقوقي,,شرکت باقری مشاوره,0427307961,شناسه ملی,,TOL1VKBVDMGLHHZ0,دارد,100,1,صاحب حساب,14010204,
058,بانک ملت,9876545,IR170582135247871255213760,1,حساب هاي جاري بدون دسته چک,IRR,Iranian Rial,13960610,1,باز,ندارد,13960610,14031124,14031124,161005,1,حقيقي ايراني,رضا,کریمی‌پور,0645498599,شماره ملی,,VZFUVS15IEPFJNUZ,دارد,100,1,صاحب حساب,13960610,
021,بانک صادرات,1234568,IR590216326667850720811556,1,حساب هاي جاري بدون دسته چک,IRR,Iranian Rial,13950122,1,باز,ندارد,13950122,14031124,14031124,180957,1,حقيقي ايراني,رویا,نوری,0572192096,شماره ملی,,THJGE7CK7YBCDUHX,دارد,100,1,صاحب حساب,13950122,
019,بانک سینا,5692432,IR050194550489267389975634,4,حساب هاي جاري با دسته چک,IRR,Iranian Rial,13940724,1,باز,ندارد,13940724,14031124,14031124,194756,1,حقيقي ايراني,آرش,جعفری,0405322739,شماره ملی,,NBJ0Y8H23ZI8V60I,دارد,100,1,صاحب حساب,13940724,
019,بانک سینا,5692432,IR350198485200894346810548,2,حساب پس انداز,IRR,Iranian Rial,14011104,1,باز,ندارد,14011104,14031124,14031124,151936,1,حقيقي ايراني,نیلوفر,موسوی,0168956667,شماره ملی,,GU74PV4399J5F7ZQ,دارد,100,1,صاحب حساب,14011104,
015,بانک کشاورزی,1234567,IR120158935449268315893571,1,حساب هاي جاري بدون دسته چک,IRR,Iranian Rial,14020703,1,باز,ندارد,14020703,14031124,14031124,090327,1,حقيقي ايراني,نیما,رحمتی,0704670275,شماره ملی,,SJRJ36DDG5AFBZ4A,دارد,50,1,صاحب حساب,14020703,
015,بانک کشاورزی,1234567,IR120158935449268315893571,1,حساب هاي جاري بدون دسته چک,IRR,Iranian Rial,14020703,1,باز,ندارد,14020703,14031124,14031124,090327,1,حقيقي ايراني,نسیم,شمس,0490921604,شماره ملی,,2EIIT4EGCR7YE9H9,دارد,0,2,صاحب امضا,14020703,
051,بانک ملی,1234571,IR250516988649767762282772,5,حساب سرمایه گذاري بلند مدت,IRR,Iranian Rial,13901207,2,بسته,ندارد,13901207,14031124,14031124,153002,1,حقيقي ايراني,پویا,بهرامی,0863976761,شماره ملی,,IS7TJPHWYVS52RKG,دارد,100,1,صاحب حساب,13901207,
019,بانک سینا,1234568,IR610191159408215454470229,3,حساب سرمایه گذاري كوتاه مدت,IRR,Iranian Rial,13930507,1,باز,ندارد,13930507,14031124,14031124,105247,1,حقيقي ايراني,بیژن,فراهانی,0888023057,شماره ملی,,1H2BUXSHBRV5UMQL,دارد,100,1,صاحب حساب,13930507,
058,بانک ملت,9876545,IR600586794975679228777251,5,حساب سرمایه گذاري بلند مدت,IRR,Iranian Rial,13950708,1,باز,ندارد,13950708,14031124,14031124,142134,1,حقيقي ايراني,امیر,نوری,0652500684,شماره ملی,,VIPZ2T5KGK7PW0YT,دارد,100,1,صاحب حساب,13950708,
015,بانک کشاورزی,4444444,IR470150948181398909837801,5,حساب سرمایه گذاري بلند مدت,IRR,Iranian Rial,13890526,1,باز,ندارد,13890526,14031124,14031124,111553,1,حقيقي ايراني,نیما,قاسمی,0935685030,شماره ملی,,VS3DHZ8ISV71FAJZ,دارد,100,1,صاحب حساب,13890526,
052,بانک شهر,1234571,IR180525690705626085641118,1,حساب هاي جاري بدون دسته چک,IRR,Iranian Rial,13910525,1,باز,ندارد,13910525,14031124,14031124,090919,1,حقيقي ايراني,زهرا,کریمی‌پور,0252284933,شماره ملی,,T79VIWHQUUFTZ9OC,دارد,50,1,صاحب حساب,13910525,
052,بانک شهر,1234571,IR180525690705626085641118,1,حساب هاي جاري بدون دسته چک,IRR,Iranian Rial,13910525,1,باز,ندارد,13910525,14031124,14031124,090919,3,حقوقي,,سازمان کریمی سرمایه‌گذاری,0470772980,شناسه ملی,,QLWH0IJV9SYUMLZY,ندارد,50,3,شریک,13910525,
056,بانک سامان,9876547,IR050560461526546103399378,5,حساب سرمایه گذاري بلند مدت,IRR,Iranian Rial,13900502,1,باز,ندارد,13900502,14031124,14031124,132935,1,حقيقي ايراني,هستی,جلالی,0420519378,شماره ملی,,OEQ2KUOO9V28WL6S,دارد,100,1,صاحب حساب,13900502,
015,بانک کشاورزی,5692412,IR260154891382496718325823,5,حساب سرمایه گذاري بلند مدت,IRR,Iranian Rial,13970802,3,مسدود,ندارد,13970802,14031124,14031124,085229,1,حقيقي ايراني,مریم,یزدی,0293482128,شماره ملی,,Q94UGLP5LYOKVY24,دارد,50,1,صاحب حساب,13970802,
015,بانک کشاورزی,5692412,IR260154891382496718325823,5,حساب سرمایه گذاري بلند مدت,IRR,Iranian Rial,13970802,3,مسدود,ندارد,13970802,14031124,14031124,085229,1,حقيقي ايراني,لیلا,یزدی,0221305084,شماره ملی,,R66SAJ12K3IMNR9F,دارد,0,2,صاحب امضا,13970802,
054,بانک پاسارگاد,5692412,IR140549465398402891416128,2,حساب پس انداز,IRR,Iranian Rial,13921017,2,بسته,ندارد,13921017,14031124,14031124,202056,1,حقيقي ايراني,امیر,موسوی,0205989527,شماره ملی,,OFV9ETGTG0TIYA4S,دارد,100,1,صاحب حساب,13921017,
020,بانک سپه,1111111,IR130203553795020970026876,5,حساب سرمایه گذاري بلند مدت,IRR,Iranian Rial,13991103,1,باز,ندارد,13991103,14031124,14031124,160157,3,حقوقي,,سازمان هدایت مشاوره,0669497819,شناسه ملی,,GTJCOU6FOMII1PH0,دارد,100,1,صاحب حساب,13991103,
015,بانک کشاورزی,2222222,IR110159562017537030453194,1,حساب هاي جاري بدون دسته چک,IRR,Iranian Rial,13960602,1,باز,ندارد,13960602,14031124,14031124,123157,1,حقيقي ايراني,یاسر,یزدی,0766696073,شماره ملی,,IEMECG862JS2N85I,دارد,100,1,صاحب حساب,13960602,
052,بانک شهر,5692422,IR870521498728399921921249,1,حساب هاي جاري بدون دسته چک,IRR,Iranian Rial,14000507,2,بسته,ندارد,14000507,14031124,14031124,180144,1,حقيقي ايراني,مهرانه,حسین‌پور,0277381878,شماره ملی,,YNXWHAGUIL7T49EP,دارد,100,1,صاحب حساب,14000507,
052,بانک شهر,5692431,IR600526056641877580304687,2,حساب پس انداز,IRR,Iranian Rial,13920603,1,باز,ندارد,13920603,14031124,14031124,175101,3,حقوقي,,سازمان کریمی فنی,0629589011,شناسه ملی,,0GY7TNGON6EU1ZKE,دارد,50,1,صاحب حساب,13920603,
051,بانک ملی,3333333,IR500513254110760954317350,2,حساب پس انداز,IRR,Iranian Rial,13920225,1,باز,ندارد,13920225,14031124,14031124,173928,1,حقيقي ايراني,سمیرا,هدایت,0648005429,شماره ملی,,7822JV76FY8OTNYQ,دارد,100,1,صاحب حساب,13920225,
015,بانک کشاورزی,9876546,IR860150651207049611080466,4,حساب هاي جاري با دسته چک,IRR,Iranian Rial,13950428,1,باز,ندارد,13950428,14031124,14031124,175042,1,حقيقي ايراني,فرهاد,هدایت,0232904588,شماره ملی,,VQH2NDSSFN6NYM3P,دارد,100,1,صاحب حساب,13950428,
015,بانک کشاورزی,1234569,IR380159150785931109193928,2,حساب پس انداز,IRR,Iranian Rial,13961220,1,باز,ندارد,13961220,14031124,14031124,151115,1,حقيقي ايراني,بهنام,کریمی,0989553140,شماره ملی,,D13LF8D4ZDDEL90H,دارد,100,1,صاحب حساب,13961220,
