transaction_id,role
TXN0297529519,structured_deposit
TXN0250835783,funnel_transfer
TXN0246922138,structured_deposit
TXN0223842994,funnel_transfer
TXN0238124272,structured_deposit
TXN0256788764,funnel_transfer
TXN0213134573,structured_deposit
TXN0280083001,funnel_transfer
TXN0287871834,structured_deposit
TXN0293044504,funnel_transfer
TXN0285961778,structured_deposit
TXN0285736853,funnel_transfer
TXN0275639675,structured_deposit
TXN0298786608,funnel_transfer
TXN0247293464,structured_deposit
TXN0281747221,funnel_transfer
TXN0294928680,structured_deposit
TXN0213684788,funnel_transfer
TXN0286147305,structured_deposit
TXN0252680029,funnel_transfer
TXN0223437524,structured_deposit
TXN0240507496,funnel_transfer
TXN0232529864,structured_deposit
TXN0241097341,funnel_transfer
TXN0267224113,structured_deposit
TXN0252353750,funnel_transfer
TXN0278265455,structured_deposit
TXN0285424929,funnel_transfer
TXN0258339897,structured_deposit
TXN0274057117,funnel_transfer
TXN0210053035,consolidation
