transaction_id,date,time,sender_sheba,receiver_sheba,amount,currency,type,description,reference,channel,status
TXN0971303415,14030101,074512,IR920165925556258815371473,,2000000,IRR,برداشت نقدی,,578105122190,ATM,completed
TXN0929268299,14030101,081308,IR750197982708086978292216,IR530595891135290965610143,6400000,IRR,پایا,,316427332280,موبایل‌بانک,completed
TXN0962074223,14030101,091731,IR730595124056829962914504,IR240566403910651801704622,1905430,IRR,پایا,خرید کالا,568527892870,موبایل‌بانک,completed
TXN0910427739,14030101,092328,,IR260593696566668327238656,41800000,IRR,واریز نقدی,,304197647876,شعبه,completed
TXN0914509714,14030101,111304,IR370197677219034043842797,IR590591062003424420438057,3700000,IRR,پایا,قرض,877210466425,اینترنت‌بانک,completed
TXN0916447587,14030101,202216,IR470182269848583339452288,IR160175844198665240415747,8800000,IRR,پایا,اجاره,202184613985,اینترنت‌بانک,completed
TXN0987302722,14030102,094613,IR470151613696816453521818,IR920127626765861793271040,3590602,IRR,پایا,پرداخت قبض,845881061023,موبایل‌بانک,completed
TXN0943115300,14030102,143753,IR160175844198665240415747,IR190163854678544587717535,230000000,IRR,ساتنا,خرید خودرو,801894717237,موبایل‌بانک,completed
TXN0923490182,14030102,193652,IR310572758842524105648149,IR530595891135290965610143,1500000,IRR,پایا,,358531436496,اینترنت‌بانک,completed
TXN0982939330,14030103,101533,IR200184908277181298266570,,2000000,IRR,برداشت نقدی,,410598914418,ATM,completed
TXN0911988401,14030103,205218,IR240566403910651801704622,IR980564204394070164510463,101000000,IRR,انتقال داخلی,تسویه قرارداد,874210418200,موبایل‌بانک,completed
TXN0912091123,14030104,135633,IR880577518689268602592222,IR590591062003424420438057,9200000,IRR,پایا,اجاره,926418797027,موبایل‌بانک,completed
TXN0945744476,14030104,140841,IR310572758842524105648149,IR490127807823578452182307,3668936,IRR,پایا,,180792583823,موبایل‌بانک,completed
TXN0961425322,14030104,171150,IR420166544209494079290490,IR240566403910651801704622,11457747,IRR,پایا,پرداخت قبض,949249290456,موبایل‌بانک,completed
TXN0916950337,14030104,191301,IR790167282997968845783174,IR490127807823578452182307,3894231,IRR,پایا,,159939213476,موبایل‌بانک,completed
TXN0933874305,14030104,204953,IR340181658039282722992750,IR590591062003424420438057,47000000,IRR,پایا,,176783800583,موبایل‌بانک,completed
TXN0969577286,14030104,224159,IR640612934301071396605583,IR640198936392649578232983,13100000,IRR,پایا,,993338917510,موبایل‌بانک,completed
TXN0933306824,14030104,232028,IR860189934768701462638380,IR190163854678544587717535,16500000,IRR,پایا,اجاره,892820256215,اینترنت‌بانک,completed
TXN0984398204,14030105,080113,IR340181658039282722992750,IR190163854678544587717535,38800000,IRR,پایا,,686749725326,اینترنت‌بانک,completed
TXN0935397342,14030105,083555,IR700172921277997995527177,IR710125286692966278282742,3000000,IRR,پایا,بابت بدهی,407681900169,اینترنت‌بانک,completed
TXN0950853722,14030105,093448,IR710125286692966278282742,IR470151613696816453521818,6900000,IRR,پایا,اجاره,611003513423,موبایل‌بانک,completed
TXN0934095076,14030105,150708,IR640171994101372151070296,IR310198006811492164334722,1200000,IRR,پایا,بابت بدهی,650794847019,اینترنت‌بانک,completed
TXN0972730314,14030105,175200,IR260593696566668327238656,IR920127626765861793271040,6430059,IRR,پایا,پرداخت قبض,130920924700,موبایل‌بانک,completed
TXN0992578039,14030105,192327,IR240566403910651801704622,IR670571267969278687653269,136000000,IRR,پایا,خرید مواد اولیه,744803761866,موبایل‌بانک,completed
TXN0964607785,14030106,080652,IR340181658039282722992750,IR790591465911665535590425,52800000,IRR,پایا,,646643232443,موبایل‌بانک,completed
TXN0930959925,14030106,132013,IR340181658039282722992750,IR670122557941552166746762,50500000,IRR,پایا,,673699738436,اینترنت‌بانک,completed
TXN0954335429,14030106,152930,IR340181658039282722992750,IR640198936392649578232983,35300000,IRR,پایا,,499206084114,موبایل‌بانک,completed
TXN0987729854,14030106,164918,IR340181658039282722992750,IR140612535544964759876220,45200000,IRR,پایا,,248322987988,موبایل‌بانک,completed
TXN0942244771,14030106,203814,IR340181658039282722992750,IR650614262655110475412126,39100000,IRR,پایا,,459954386135,موبایل‌بانک,completed
TXN0949154922,14030107,095140,IR590617846997335494651909,IR750197982708086978292216,17500000,IRR,پایا,,297551162818,موبایل‌بانک,completed
TXN0937905036,14030107,140314,IR640198936392649578232983,IR580594074517133959629233,33900000,IRR,پایا,,394539965873,موبایل‌بانک,completed
TXN0974331171,14030107,200325,IR530590051844989266591846,,2000000,IRR,برداشت نقدی,,659678684297,ATM,completed
TXN0983166152,14030107,204704,IR790591465911665535590425,IR240566403910651801704622,286933,IRR,پایا,پرداخت قبض,356239514557,موبایل‌بانک,completed
TXN0955014363,14030108,084233,IR630198652816850542357332,IR980564204394070164510463,292000000,IRR,ساتنا,خرید مواد اولیه,811007327210,شعبه,completed
TXN0938452489,14030108,105801,IR190163854678544587717535,IR160151939828073741672434,38000000,IRR,پایا,,784339497813,موبایل‌بانک,completed
TXN0961525098,14030108,113028,IR670122557941552166746762,IR260593696566668327238656,49100000,IRR,پایا,,199768611117,موبایل‌بانک,completed
TXN0950328991,14030108,142458,IR790591465911665535590425,IR160151939828073741672434,51400000,IRR,پایا,,267668845671,موبایل‌بانک,completed
TXN0950687052,14030108,145900,IR590591062003424420438057,IR160151939828073741672434,46100000,IRR,پایا,,195488171397,موبایل‌بانک,completed
TXN0920493978,14030108,201324,IR140612535544964759876220,IR160151939828073741672434,43900000,IRR,پایا,,371050242529,موبایل‌بانک,completed
TXN0959749110,14030108,215024,IR580594074517133959629233,IR160151939828073741672434,33000000,IRR,پایا,,779568419512,اینترنت‌بانک,completed
TXN0947571134,14030108,221646,IR640153214958702070160166,IR550591843222591365177739,2600000,IRR,پایا,,777073481946,موبایل‌بانک,completed
TXN0982692113,14030108,223818,IR640153214958702070160166,IR490127807823578452182307,7439737,IRR,پایا,پرداخت قبض,485239364681,موبایل‌بانک,completed
TXN0957405849,14030109,072552,IR590120952145623285884247,IR240566403910651801704622,2934459,IRR,پایا,پرداخت قبض,480795752158,اینترنت‌بانک,completed
TXN0925259746,14030109,171050,IR740617594929955620533645,IR920127626765861793271040,13807916,IRR,پایا,پرداخت قبض,849313422451,موبایل‌بانک,completed
TXN0968362286,14030109,230837,IR640153214958702070160166,IR740617594929955620533645,3500000,IRR,پایا,,506575035031,اینترنت‌بانک,completed
TXN0973152713,14030110,212215,IR750616356512694486959463,,2000000,IRR,برداشت نقدی,,180833936426,ATM,completed
TXN0987106423,14030111,075355,IR650614262655110475412126,IR160151939828073741672434,38500000,IRR,پایا,,359940121397,موبایل‌بانک,completed
TXN0992376240,14030111,080402,IR370197677219034043842797,IR920127626765861793271040,2098848,IRR,پایا,پرداخت قبض,869566401966,موبایل‌بانک,completed
TXN0953245177,14030111,111339,,IR700172921277997995527177,12100000,IRR,واریز نقدی,,151250048584,شعبه,completed
TXN0910166153,14030111,111834,IR260593696566668327238656,IR160151939828073741672434,47800000,IRR,پایا,,172615259749,موبایل‌بانک,completed
TXN0910196892,14030111,115303,IR180192197199758172461919,IR570616042232536729466711,2400000,IRR,پایا,قرض,227649088919,موبایل‌بانک,completed
TXN0928821258,14030111,132211,,IR530595891135290965610143,41100000,IRR,واریز نقدی,,941975993501,شعبه,completed
TXN0977658797,14030111,142322,IR050566724004991547887287,IR490127807823578452182307,9395888,IRR,پایا,شهریه,829911433453,موبایل‌بانک,completed
TXN0975382469,14030111,194713,IR190163854678544587717535,IR890181586938068687937416,2800000,IRR,پایا,بابت بدهی,891481372213,موبایل‌بانک,completed
TXN0961378749,14030111,204510,IR670122557941552166746762,IR310572758842524105648149,3800000,IRR,پایا,بابت بدهی,177599448436,موبایل‌بانک,completed
TXN0987803232,14030112,083305,IR020159752677223306046333,IR670571267969278687653269,277000000,IRR,ساتنا,خرید مواد اولیه,628976514237,شعبه,completed
TXN0937753301,14030112,110813,IR160175844198665240415747,IR590120952145623285884247,5800000,IRR,پایا,بابت بدهی,398971246785,موبایل‌بانک,completed
TXN0973802828,14030112,111307,IR340181658039282722992750,IR630198652816850542357332,4807293,IRR,پایا,,231875416307,اینترنت‌بانک,completed
TXN0918148055,14030112,161028,IR530595891135290965610143,IR570616042232536729466711,4100000,IRR,پایا,اجاره,436431830854,موبایل‌بانک,completed
TXN0916018606,14030113,104205,,IR710125286692966278282742,15000000,IRR,واریز نقدی,,949510458980,شعبه,completed
TXN0949425524,14030113,104643,IR600161837645208814743503,IR670571267969278687653269,436000000,IRR,ساتنا,تسویه قرارداد,540323062196,شعبه,completed
TXN0956687643,14030113,105535,IR310572758842524105648149,IR490127807823578452182307,9463893,IRR,پایا,,480753113544,موبایل‌بانک,completed
TXN0927529038,14030113,115621,IR190163854678544587717535,IR530590051844989266591846,320000000,IRR,ساتنا,,349561350883,شعبه,completed
TXN0915805373,14030113,120951,,IR140612535544964759876220,3100000,IRR,واریز نقدی,,415027857081,شعبه,completed
TXN0972453030,14030113,122709,,IR630198652816850542357332,3100000,IRR,واریز نقدی,,996346684929,شعبه,completed
TXN0934584553,14030113,133010,IR130572099451016224999827,IR630198652816850542357332,14265891,IRR,پایا,پرداخت قبض,550704228541,موبایل‌بانک,completed
TXN0980671514,14030113,133928,IR180192197199758172461919,,39000000,IRR,برداشت نقدی,,971041858305,شعبه,completed
TXN0949305270,14030113,134831,,IR670122557941552166746762,18800000,IRR,واریز نقدی,,389086218516,شعبه,completed
TXN0923245253,14030113,170535,IR030561863637454589297500,IR420166544209494079290490,8800000,IRR,پایا,,956323453054,اینترنت‌بانک,completed
TXN0979595935,14030113,215855,IR640612934301071396605583,IR630198652816850542357332,9973006,IRR,پایا,خرید کالا,895824057541,موبایل‌بانک,completed
TXN0994124391,14030114,070707,IR770594283411080996930848,IR490127807823578452182307,2072568,IRR,پایا,خرید اینترنتی,807298170580,موبایل‌بانک,completed
TXN0930610785,14030114,092526,IR970128994053910371705865,,500000,IRR,برداشت نقدی,,305449575144,ATM,completed
TXN0953958712,14030114,115530,IR030561863637454589297500,IR130572099451016224999827,9000000,IRR,پایا,انتقال وجه,613407683873,موبایل‌بانک,completed
TXN0978455912,14030114,130014,IR530590051844989266591846,,32000000,IRR,برداشت نقدی,,528647242955,شعبه,completed
TXN0998574294,14030114,234226,IR890181586938068687937416,IR920127626765861793271040,2304232,IRR,پایا,شهریه,138038820251,موبایل‌بانک,completed
TXN0991583312,14030115,095814,IR200184908277181298266570,,2000000,IRR,برداشت نقدی,,780107012210,ATM,completed
TXN0981957632,14030115,113302,IR640171994101372151070296,IR490127807823578452182307,5237833,IRR,پایا,خرید کالا,290014719736,موبایل‌بانک,completed
TXN0917721596,14030115,132407,IR740617594929955620533645,IR640612934301071396605583,1100000,IRR,انتقال داخلی,قرض,822671988585,موبایل‌بانک,completed
TXN0923150775,14030116,093325,,IR640612934301071396605583,22500000,IRR,واریز نقدی,,931534122752,شعبه,completed
TXN0990826535,14030116,132321,IR160151939828073741672434,IR600161837645208814743503,577000000,IRR,ساتنا,بابت فاکتور 934,780368685132,شعبه,completed
TXN0974584164,14030117,234139,IR310198006811492164334722,IR630198652816850542357332,14316650,IRR,انتقال داخلی,شهریه,580599121029,موبایل‌بانک,completed
TXN0970861645,14030118,084515,IR770192970213556909275571,IR240566403910651801704622,13344832,IRR,پایا,شهریه,746811590300,موبایل‌بانک,completed
TXN0959408618,14030118,094329,IR680616590277167014508993,IR630198652816850542357332,7969938,IRR,پایا,شهریه,153314808723,موبایل‌بانک,completed
TXN0960982872,14030118,125313,IR680616590277167014508993,IR650614262655110475412126,2200000,IRR,انتقال داخلی,,206823295275,موبایل‌بانک,completed
TXN0914800373,14030118,160449,IR860189934768701462638380,IR630198652816850542357332,9309582,IRR,پایا,,281093621093,اینترنت‌بانک,completed
TXN0943842405,14030118,160521,IR090186902959391725135521,IR590617846997335494651909,60000000,IRR,پایا,,761549747198,اینترنت‌بانک,completed
TXN0927493696,14030118,193656,IR100165779071416335658804,IR490127807823578452182307,1912238,IRR,پایا,خرید کالا,491899391900,موبایل‌بانک,completed
TXN0913628113,14030118,200932,IR130572099451016224999827,IR490127807823578452182307,14716351,IRR,پایا,شهریه,577170119446,موبایل‌بانک,completed
TXN0930394214,14030118,220756,IR810199594406409097439533,IR530595891135290965610143,16500000,IRR,پایا,قرض,170037530343,موبایل‌بانک,completed
TXN0923002371,14030118,231901,IR740617594929955620533645,IR920127626765861793271040,8434388,IRR,پایا,خرید اینترنتی,641057853406,موبایل‌بانک,completed
TXN0916349050,14030119,082116,IR650614262655110475412126,IR310572758842524105648149,7800000,IRR,پایا,,782562990779,اینترنت‌بانک,completed
TXN0992909440,14030119,134301,IR730595124056829962914504,IR630198652816850542357332,2475477,IRR,پایا,,690176197770,موبایل‌بانک,completed
TXN0963915386,14030119,144117,IR930173564757051204618723,IR240566403910651801704622,4096389,IRR,پایا,شهریه,554388985591,موبایل‌بانک,completed
TXN0951537077,14030119,151804,IR160175844198665240415747,IR100165779071416335658804,14000000,IRR,پایا,اجاره,470791750724,اینترنت‌بانک,completed
TXN0968407479,14030119,175915,IR590617846997335494651909,IR090186902959391725135521,2400000,IRR,پایا,قرض,130096367218,موبایل‌بانک,completed
TXN0949836267,14030119,235438,IR100165779071416335658804,IR490127807823578452182307,4470344,IRR,پایا,شهریه,162559516823,اینترنت‌بانک,completed
TXN0937057505,14030120,085326,,IR240566403910651801704622,28400000,IRR,واریز نقدی,,560473545595,شعبه,completed
TXN0956844872,14030120,095125,IR420166544209494079290490,IR640612934301071396605583,3700000,IRR,پایا,اجاره,189858573079,موبایل‌بانک,completed
TXN0996132005,14030120,121849,IR950573296685161227530463,,2000000,IRR,برداشت نقدی,,380774559664,ATM,completed
TXN0993667308,14030120,123520,IR930173564757051204618723,IR920127626765861793271040,649672,IRR,پایا,خرید اینترنتی,755426268260,موبایل‌بانک,completed
TXN0941457047,14030120,135816,IR520152373334333395211179,IR240566403910651801704622,11226193,IRR,پایا,پرداخت قبض,394388488843,موبایل‌بانک,completed
TXN0939438556,14030120,150825,IR530590051844989266591846,IR310198006811492164334722,2600000,IRR,پایا,اجاره,372523303854,موبایل‌بانک,completed
TXN0990382585,14030120,172416,IR590591062003424420438057,IR770594283411080996930848,8500000,IRR,انتقال داخلی,,171989652654,موبایل‌بانک,completed
TXN0994520780,14030120,210932,IR740617594929955620533645,IR920127626765861793271040,9017619,IRR,پایا,خرید کالا,253373041743,موبایل‌بانک,completed
TXN0962365231,14030121,095514,IR190163854678544587717535,,19000000,IRR,برداشت نقدی,,936424823352,شعبه,completed
TXN0938780245,14030121,155641,IR630198652816850542357332,IR240566403910651801704622,1269000000,IRR,ساتنا,بابت فاکتور 749,473395426282,موبایل‌بانک,completed
TXN0921429944,14030121,234421,IR640612934301071396605583,IR920127626765861793271040,10247278,IRR,پایا,خرید اینترنتی,817728121195,موبایل‌بانک,completed
TXN0990181255,14030122,210703,IR590120952145623285884247,IR650614262655110475412126,4400000,IRR,پایا,قرض,441881600349,موبایل‌بانک,completed
TXN0965526296,14030122,214256,IR310198006811492164334722,IR490127807823578452182307,1954931,IRR,پایا,خرید اینترنتی,471357707175,اینترنت‌بانک,completed
TXN0914254008,14030123,110206,IR640612934301071396605583,IR920127626765861793271040,9770971,IRR,پایا,,124746811760,موبایل‌بانک,completed
TXN0919748243,14030123,155037,IR590120952145623285884247,IR630198652816850542357332,5945232,IRR,پایا,,390561000552,موبایل‌بانک,completed
TXN0980576060,14030123,172215,IR950573296685161227530463,IR700172921277997995527177,6100000,IRR,پایا,,153243087197,موبایل‌بانک,completed
TXN0969426252,14030123,204220,IR530595891135290965610143,IR470151613696816453521818,4900000,IRR,پایا,,937921618168,موبایل‌بانک,completed
TXN0981875955,14030125,085100,IR740617594929955620533645,,26000000,IRR,برداشت نقدی,,283361747552,شعبه,completed
TXN0910928977,14030125,122929,,IR550591843222591365177739,27000000,IRR,واریز نقدی,,448292203620,شعبه,completed
TXN0951626759,14030125,131944,,IR750197982708086978292216,30300000,IRR,واریز نقدی,,501671577491,شعبه,completed
TXN0944013645,14030125,133117,IR640171994101372151070296,,11000000,IRR,برداشت نقدی,,799919832162,شعبه,completed
TXN0925582057,14030125,134451,,IR090186902959391725135521,6200000,IRR,واریز نقدی,,538087495856,شعبه,completed
TXN0931615202,14030125,163056,IR740617594929955620533645,IR670122557941552166746762,10700000,IRR,پایا,اجاره,451183377028,موبایل‌بانک,completed
TXN0935911461,14030126,082633,IR590120952145623285884247,IR190163854678544587717535,2300000,IRR,پایا,انتقال وجه,658833830800,موبایل‌بانک,completed
TXN0931027637,14030126,095150,IR970128994053910371705865,IR240566403910651801704622,6317454,IRR,پایا,خرید کالا,945858638427,موبایل‌بانک,completed
TXN0912700528,14030126,112406,IR710190267288574489061203,IR630198652816850542357332,14997763,IRR,انتقال داخلی,شهریه,938702856509,اینترنت‌بانک,completed
TXN0991082289,14030126,115404,IR770192970213556909275571,IR770594283411080996930848,2000000,IRR,پایا,,951199112290,اینترنت‌بانک,completed
TXN0993692634,14030126,143534,IR750616356512694486959463,IR630198652816850542357332,4201467,IRR,پایا,خرید کالا,612837115191,موبایل‌بانک,completed
TXN0978109209,14030126,210717,IR050566724004991547887287,IR240566403910651801704622,13031610,IRR,انتقال داخلی,شهریه,309870746880,اینترنت‌بانک,completed
TXN0931230952,14030127,093657,,IR630198652816850542357332,9200000,IRR,واریز نقدی,,378553883686,شعبه,completed
TXN0956169554,14030127,103654,IR790591465911665535590425,IR890181586938068687937416,10500000,IRR,پایا,بابت بدهی,888104764174,موبایل‌بانک,completed
TXN0935531955,14030127,103716,IR590120952145623285884247,IR920127626765861793271040,4015336,IRR,انتقال داخلی,,823426157544,اینترنت‌بانک,completed
TXN0938169905,14030127,123934,IR200184908277181298266570,IR860189934768701462638380,570000000,IRR,انتقال داخلی,,948238024390,شعبه,completed
TXN0973451862,14030127,125924,IR020159752677223306046333,IR600161837645208814743503,485000000,IRR,ساتنا,بابت فاکتور 497,571582449542,شعبه,completed
TXN0970591439,14030128,080025,IR970128994053910371705865,IR240566403910651801704622,6936331,IRR,پایا,خرید کالا,159716993907,اینترنت‌بانک,completed
TXN0988390764,14030128,093204,IR700172921277997995527177,IR240566403910651801704622,14002393,IRR,پایا,پرداخت قبض,906489132688,موبایل‌بانک,completed
TXN0940811756,14030128,112623,IR190163854678544587717535,IR640153214958702070160166,4600000,IRR,پایا,انتقال وجه,940518373260,موبایل‌بانک,completed
TXN0916635694,14030128,114646,IR240566403910651801704622,IR920127626765861793271040,344000000,IRR,ساتنا,تسویه قرارداد,982464714537,شعبه,completed
TXN0911601098,14030128,124312,IR470151613696816453521818,IR630198652816850542357332,6609040,IRR,پایا,پرداخت قبض,552351897290,اینترنت‌بانک,completed
TXN0914471807,14030128,230805,IR530595891135290965610143,IR050566724004991547887287,9700000,IRR,پایا,,384336718326,اینترنت‌بانک,completed
TXN0971576501,14030128,235404,IR470151613696816453521818,IR530590051844989266591846,1900000,IRR,پایا,قرض,611176445666,موبایل‌بانک,completed
TXN0941398948,14030129,082225,,IR190163854678544587717535,40600000,IRR,واریز نقدی,,178797442627,شعبه,completed
TXN0997533633,14030129,114442,,IR590120952145623285884247,26000000,IRR,واریز نقدی,,441196012615,شعبه,completed
TXN0949021088,14030129,121723,IR470182269848583339452288,IR490127807823578452182307,13257720,IRR,پایا,خرید کالا,271986362478,موبایل‌بانک,completed
TXN0949838289,14030129,132644,IR160151939828073741672434,IR470151613696816453521818,45800000,IRR,انتقال داخلی,حقوق و دستمزد,716597298198,اینترنت‌بانک,completed
TXN0967636541,14030129,171402,IR090186902959391725135521,IR790591465911665535590425,14200000,IRR,پایا,اجاره,284334174631,موبایل‌بانک,completed
TXN0976902562,14030129,184235,IR470151613696816453521818,IR240566403910651801704622,4878272,IRR,پایا,شهریه,669331099333,موبایل‌بانک,completed
TXN0942010845,14030129,195042,IR670571267969278687653269,IR470182269848583339452288,23900000,IRR,پایا,حقوق و دستمزد,905386288495,اینترنت‌بانک,completed
TXN0969028419,14030129,195436,IR600161837645208814743503,IR880577518689268602592222,28100000,IRR,پایا,حقوق و دستمزد,135464525051,اینترنت‌بانک,completed
TXN0915031885,14030129,212911,IR880577518689268602592222,IR490127807823578452182307,14229850,IRR,پایا,خرید کالا,468890725056,موبایل‌بانک,completed
TXN0977328357,14030129,222810,IR180192197199758172461919,IR240566403910651801704622,4798104,IRR,پایا,شهریه,563296801060,موبایل‌بانک,completed
TXN0999919895,14030130,074729,IR600161837645208814743503,IR310198006811492164334722,46000000,IRR,پایا,حقوق و دستمزد,333110927601,اینترنت‌بانک,completed
TXN0944252576,14030130,110644,IR670571267969278687653269,IR200184908277181298266570,44500000,IRR,پایا,حقوق و دستمزد,343195629892,اینترنت‌بانک,completed
TXN0944309718,14030130,115242,,IR950573296685161227530463,10200000,IRR,واریز نقدی,,542941694990,شعبه,completed
TXN0997576104,14030130,115658,IR670571267969278687653269,IR470182269848583339452288,23900000,IRR,پایا,حقوق و دستمزد,585180559589,اینترنت‌بانک,completed
TXN0928527968,14030130,120140,IR670571267969278687653269,IR710125286692966278282742,39200000,IRR,پایا,حقوق و دستمزد,885504889154,اینترنت‌بانک,completed
TXN0965849354,14030130,140814,IR670571267969278687653269,IR310198006811492164334722,34500000,IRR,پایا,حقوق و دستمزد,881169657691,اینترنت‌بانک,completed
TXN0912220315,14030130,150510,IR670122557941552166746762,,500000,IRR,برداشت نقدی,,458200457109,ATM,completed
TXN0993983062,14030130,170350,IR600161837645208814743503,IR310198006811492164334722,46000000,IRR,پایا,حقوق و دستمزد,855211249944,اینترنت‌بانک,completed
TXN0953006962,14030130,171749,IR160151939828073741672434,IR890181586938068687937416,31400000,IRR,پایا,حقوق و دستمزد,118469676867,اینترنت‌بانک,completed
TXN0912152612,14030130,174545,IR670571267969278687653269,IR470182269848583339452288,23900000,IRR,پایا,حقوق و دستمزد,368240995527,اینترنت‌بانک,completed
TXN0925217341,14030130,181129,IR160151939828073741672434,IR470151613696816453521818,45800000,IRR,انتقال داخلی,حقوق و دستمزد,911623502333,اینترنت‌بانک,completed
TXN0974374059,14030130,184533,IR530595891135290965610143,IR240566403910651801704622,11589618,IRR,پایا,خرید اینترنتی,458656038984,اینترنت‌بانک,completed
TXN0922392847,14030130,191344,IR670571267969278687653269,IR470182269848583339452288,23900000,IRR,پایا,حقوق و دستمزد,511812288965,اینترنت‌بانک,completed
TXN0940322843,14030130,191746,IR160151939828073741672434,IR890181586938068687937416,31400000,IRR,پایا,حقوق و دستمزد,374986870058,اینترنت‌بانک,completed
TXN0921849159,14030130,205608,IR490127807823578452182307,IR920127626765861793271040,648000000,IRR,انتقال داخلی,بابت فاکتور 130,528879148991,موبایل‌بانک,completed
TXN0942161459,14030130,214544,IR140612535544964759876220,IR880577518689268602592222,8000000,IRR,پایا,,235317214416,موبایل‌بانک,completed
TXN0958907662,14030130,215756,IR670571267969278687653269,IR470182269848583339452288,23900000,IRR,پایا,حقوق و دستمزد,226469180942,اینترنت‌بانک,completed
TXN0982509492,14030130,230354,IR600161837645208814743503,IR680616590277167014508993,41800000,IRR,پایا,حقوق و دستمزد,111235901352,اینترنت‌بانک,completed
TXN0973318914,14030130,230402,IR160151939828073741672434,IR470151613696816453521818,45800000,IRR,انتقال داخلی,حقوق و دستمزد,954610876175,اینترنت‌بانک,completed
